[2026-06-01 10:35:18] local.ERROR: syntax error, unexpected token "::", expecting "(" {"exception":"[object] (ParseError(code: 0): syntax error, unexpected token \"::\", expecting \"(\" at C:/Users/ufcmsila/Desktop/matches/worldcup-laravel/database/seeders/DatabaseSeeder.php:78)
[stacktrace]
#0 C:/Users/ufcmsila/Desktop/matches/worldcup-laravel/vendor/composer/ClassLoader.php(427): Composer/Autoload/{closure}()
#1 [internal function]: Composer/Autoload/ClassLoader->loadClass()
#2 C:/Users/ufcmsila/Desktop/matches/worldcup-laravel/vendor/laravel/framework/src/Illuminate/Database/Console/Seeds/SeedCommand.php(94): class_exists()
#3 C:/Users/ufcmsila/Desktop/matches/worldcup-laravel/vendor/laravel/framework/src/Illuminate/Database/Console/Seeds/SeedCommand.php(70): Illuminate/Database/Console/Seeds/SeedCommand->getSeeder()
#4 C:/Users/ufcmsila/Desktop/matches/worldcup-laravel/vendor/laravel/framework/src/Illuminate/Database/Eloquent/Concerns/GuardsAttributes.php(155): Illuminate/Database/Console/Seeds/SeedCommand->Illuminate/Database/Console/Seeds/{closure}()
#5 C:/Users/ufcmsila/Desktop/matches/worldcup-laravel/vendor/laravel/framework/src/Illuminate/Database/Console/Seeds/SeedCommand.php(69): Illuminate/Database/Eloquent/Model::unguarded()
#6 C:/Users/ufcmsila/Desktop/matches/worldcup-laravel/vendor/laravel/framework/src/Illuminate/Container/BoundMethod.php(36): Illuminate/Database/Console/Seeds/SeedCommand->handle()
#7 C:/Users/ufcmsila/Desktop/matches/worldcup-laravel/vendor/laravel/framework/src/Illuminate/Container/Util.php(43): Illuminate/Container/BoundMethod::Illuminate/Container/{closure}()
#8 C:/Users/ufcmsila/Desktop/matches/worldcup-laravel/vendor/laravel/framework/src/Illuminate/Container/BoundMethod.php(95): Illuminate/Container/Util::unwrapIfClosure()
#9 C:/Users/ufcmsila/Desktop/matches/worldcup-laravel/vendor/laravel/framework/src/Illuminate/Container/BoundMethod.php(35): Illuminate/Container/BoundMethod::callBoundMethod()
#10 C:/Users/ufcmsila/Desktop/matches/worldcup-laravel/vendor/laravel/framework/src/Illuminate/Container/Container.php(696): Illuminate/Container/BoundMethod::call()
#11 C:/Users/ufcmsila/Desktop/matches/worldcup-laravel/vendor/laravel/framework/src/Illuminate/Console/Command.php(213): Illuminate/Container/Container->call()
#12 C:/Users/ufcmsila/Desktop/matches/worldcup-laravel/vendor/symfony/console/Command/Command.php(341): Illuminate/Console/Command->execute()
#13 C:/Users/ufcmsila/Desktop/matches/worldcup-laravel/vendor/laravel/framework/src/Illuminate/Console/Command.php(182): Symfony/Component/Console/Command/Command->run()
#14 C:/Users/ufcmsila/Desktop/matches/worldcup-laravel/vendor/symfony/console/Application.php(1117): Illuminate/Console/Command->run()
#15 C:/Users/ufcmsila/Desktop/matches/worldcup-laravel/vendor/symfony/console/Application.php(356): Symfony/Component/Console/Application->doRunCommand()
#16 C:/Users/ufcmsila/Desktop/matches/worldcup-laravel/vendor/symfony/console/Application.php(195): Symfony/Component/Console/Application->doRun()
#17 C:/Users/ufcmsila/Desktop/matches/worldcup-laravel/vendor/laravel/framework/src/Illuminate/Foundation/Console/Kernel.php(198): Symfony/Component/Console/Application->run()
#18 C:/Users/ufcmsila/Desktop/matches/worldcup-laravel/artisan(24): Illuminate/Foundation/Console/Kernel->handle()
#19 {main}
"} 
[2026-06-01 10:37:25] local.ERROR: Class "App\Models\FootballMatch" not found {"exception":"[object] (Error(code: 0): Class \"App\\Models\\FootballMatch\" not found at C:/Users/ufcmsila/Desktop/matches/worldcup-laravel/database/seeders/DatabaseSeeder.php:78)
[stacktrace]
#0 C:/Users/ufcmsila/Desktop/matches/worldcup-laravel/vendor/laravel/framework/src/Illuminate/Container/BoundMethod.php(36): Database/Seeders/DatabaseSeeder->run()
#1 C:/Users/ufcmsila/Desktop/matches/worldcup-laravel/vendor/laravel/framework/src/Illuminate/Container/Util.php(43): Illuminate/Container/BoundMethod::Illuminate/Container/{closure}()
#2 C:/Users/ufcmsila/Desktop/matches/worldcup-laravel/vendor/laravel/framework/src/Illuminate/Container/BoundMethod.php(95): Illuminate/Container/Util::unwrapIfClosure()
#3 C:/Users/ufcmsila/Desktop/matches/worldcup-laravel/vendor/laravel/framework/src/Illuminate/Container/BoundMethod.php(35): Illuminate/Container/BoundMethod::callBoundMethod()
#4 C:/Users/ufcmsila/Desktop/matches/worldcup-laravel/vendor/laravel/framework/src/Illuminate/Container/Container.php(696): Illuminate/Container/BoundMethod::call()
#5 C:/Users/ufcmsila/Desktop/matches/worldcup-laravel/vendor/laravel/framework/src/Illuminate/Database/Seeder.php(188): Illuminate/Container/Container->call()
#6 C:/Users/ufcmsila/Desktop/matches/worldcup-laravel/vendor/laravel/framework/src/Illuminate/Database/Seeder.php(197): Illuminate/Database/Seeder->Illuminate/Database/{closure}()
#7 C:/Users/ufcmsila/Desktop/matches/worldcup-laravel/vendor/laravel/framework/src/Illuminate/Database/Console/Seeds/SeedCommand.php(70): Illuminate/Database/Seeder->__invoke()
#8 C:/Users/ufcmsila/Desktop/matches/worldcup-laravel/vendor/laravel/framework/src/Illuminate/Database/Eloquent/Concerns/GuardsAttributes.php(155): Illuminate/Database/Console/Seeds/SeedCommand->Illuminate/Database/Console/Seeds/{closure}()
#9 C:/Users/ufcmsila/Desktop/matches/worldcup-laravel/vendor/laravel/framework/src/Illuminate/Database/Console/Seeds/SeedCommand.php(69): Illuminate/Database/Eloquent/Model::unguarded()
#10 C:/Users/ufcmsila/Desktop/matches/worldcup-laravel/vendor/laravel/framework/src/Illuminate/Container/BoundMethod.php(36): Illuminate/Database/Console/Seeds/SeedCommand->handle()
#11 C:/Users/ufcmsila/Desktop/matches/worldcup-laravel/vendor/laravel/framework/src/Illuminate/Container/Util.php(43): Illuminate/Container/BoundMethod::Illuminate/Container/{closure}()
#12 C:/Users/ufcmsila/Desktop/matches/worldcup-laravel/vendor/laravel/framework/src/Illuminate/Container/BoundMethod.php(95): Illuminate/Container/Util::unwrapIfClosure()
#13 C:/Users/ufcmsila/Desktop/matches/worldcup-laravel/vendor/laravel/framework/src/Illuminate/Container/BoundMethod.php(35): Illuminate/Container/BoundMethod::callBoundMethod()
#14 C:/Users/ufcmsila/Desktop/matches/worldcup-laravel/vendor/laravel/framework/src/Illuminate/Container/Container.php(696): Illuminate/Container/BoundMethod::call()
#15 C:/Users/ufcmsila/Desktop/matches/worldcup-laravel/vendor/laravel/framework/src/Illuminate/Console/Command.php(213): Illuminate/Container/Container->call()
#16 C:/Users/ufcmsila/Desktop/matches/worldcup-laravel/vendor/symfony/console/Command/Command.php(341): Illuminate/Console/Command->execute()
#17 C:/Users/ufcmsila/Desktop/matches/worldcup-laravel/vendor/laravel/framework/src/Illuminate/Console/Command.php(182): Symfony/Component/Console/Command/Command->run()
#18 C:/Users/ufcmsila/Desktop/matches/worldcup-laravel/vendor/symfony/console/Application.php(1117): Illuminate/Console/Command->run()
#19 C:/Users/ufcmsila/Desktop/matches/worldcup-laravel/vendor/symfony/console/Application.php(356): Symfony/Component/Console/Application->doRunCommand()
#20 C:/Users/ufcmsila/Desktop/matches/worldcup-laravel/vendor/symfony/console/Application.php(195): Symfony/Component/Console/Application->doRun()
#21 C:/Users/ufcmsila/Desktop/matches/worldcup-laravel/vendor/laravel/framework/src/Illuminate/Foundation/Console/Kernel.php(198): Symfony/Component/Console/Application->run()
#22 C:/Users/ufcmsila/Desktop/matches/worldcup-laravel/artisan(24): Illuminate/Foundation/Console/Kernel->handle()
#23 {main}
"} 
[2026-06-01 10:38:52] local.ERROR: Class "App\Models\FootballMatch" not found {"exception":"[object] (Error(code: 0): Class \"App\\Models\\FootballMatch\" not found at C:/Users/ufcmsila/Desktop/matches/worldcup-laravel/database/seeders/DatabaseSeeder.php:78)
[stacktrace]
#0 C:/Users/ufcmsila/Desktop/matches/worldcup-laravel/vendor/laravel/framework/src/Illuminate/Container/BoundMethod.php(36): Database/Seeders/DatabaseSeeder->run()
#1 C:/Users/ufcmsila/Desktop/matches/worldcup-laravel/vendor/laravel/framework/src/Illuminate/Container/Util.php(43): Illuminate/Container/BoundMethod::Illuminate/Container/{closure}()
#2 C:/Users/ufcmsila/Desktop/matches/worldcup-laravel/vendor/laravel/framework/src/Illuminate/Container/BoundMethod.php(95): Illuminate/Container/Util::unwrapIfClosure()
#3 C:/Users/ufcmsila/Desktop/matches/worldcup-laravel/vendor/laravel/framework/src/Illuminate/Container/BoundMethod.php(35): Illuminate/Container/BoundMethod::callBoundMethod()
#4 C:/Users/ufcmsila/Desktop/matches/worldcup-laravel/vendor/laravel/framework/src/Illuminate/Container/Container.php(696): Illuminate/Container/BoundMethod::call()
#5 C:/Users/ufcmsila/Desktop/matches/worldcup-laravel/vendor/laravel/framework/src/Illuminate/Database/Seeder.php(188): Illuminate/Container/Container->call()
#6 C:/Users/ufcmsila/Desktop/matches/worldcup-laravel/vendor/laravel/framework/src/Illuminate/Database/Seeder.php(197): Illuminate/Database/Seeder->Illuminate/Database/{closure}()
#7 C:/Users/ufcmsila/Desktop/matches/worldcup-laravel/vendor/laravel/framework/src/Illuminate/Database/Console/Seeds/SeedCommand.php(70): Illuminate/Database/Seeder->__invoke()
#8 C:/Users/ufcmsila/Desktop/matches/worldcup-laravel/vendor/laravel/framework/src/Illuminate/Database/Eloquent/Concerns/GuardsAttributes.php(155): Illuminate/Database/Console/Seeds/SeedCommand->Illuminate/Database/Console/Seeds/{closure}()
#9 C:/Users/ufcmsila/Desktop/matches/worldcup-laravel/vendor/laravel/framework/src/Illuminate/Database/Console/Seeds/SeedCommand.php(69): Illuminate/Database/Eloquent/Model::unguarded()
#10 C:/Users/ufcmsila/Desktop/matches/worldcup-laravel/vendor/laravel/framework/src/Illuminate/Container/BoundMethod.php(36): Illuminate/Database/Console/Seeds/SeedCommand->handle()
#11 C:/Users/ufcmsila/Desktop/matches/worldcup-laravel/vendor/laravel/framework/src/Illuminate/Container/Util.php(43): Illuminate/Container/BoundMethod::Illuminate/Container/{closure}()
#12 C:/Users/ufcmsila/Desktop/matches/worldcup-laravel/vendor/laravel/framework/src/Illuminate/Container/BoundMethod.php(95): Illuminate/Container/Util::unwrapIfClosure()
#13 C:/Users/ufcmsila/Desktop/matches/worldcup-laravel/vendor/laravel/framework/src/Illuminate/Container/BoundMethod.php(35): Illuminate/Container/BoundMethod::callBoundMethod()
#14 C:/Users/ufcmsila/Desktop/matches/worldcup-laravel/vendor/laravel/framework/src/Illuminate/Container/Container.php(696): Illuminate/Container/BoundMethod::call()
#15 C:/Users/ufcmsila/Desktop/matches/worldcup-laravel/vendor/laravel/framework/src/Illuminate/Console/Command.php(213): Illuminate/Container/Container->call()
#16 C:/Users/ufcmsila/Desktop/matches/worldcup-laravel/vendor/symfony/console/Command/Command.php(341): Illuminate/Console/Command->execute()
#17 C:/Users/ufcmsila/Desktop/matches/worldcup-laravel/vendor/laravel/framework/src/Illuminate/Console/Command.php(182): Symfony/Component/Console/Command/Command->run()
#18 C:/Users/ufcmsila/Desktop/matches/worldcup-laravel/vendor/symfony/console/Application.php(1117): Illuminate/Console/Command->run()
#19 C:/Users/ufcmsila/Desktop/matches/worldcup-laravel/vendor/symfony/console/Application.php(356): Symfony/Component/Console/Application->doRunCommand()
#20 C:/Users/ufcmsila/Desktop/matches/worldcup-laravel/vendor/symfony/console/Application.php(195): Symfony/Component/Console/Application->doRun()
#21 C:/Users/ufcmsila/Desktop/matches/worldcup-laravel/vendor/laravel/framework/src/Illuminate/Foundation/Console/Kernel.php(198): Symfony/Component/Console/Application->run()
#22 C:/Users/ufcmsila/Desktop/matches/worldcup-laravel/artisan(24): Illuminate/Foundation/Console/Kernel->handle()
#23 {main}
"} 
[2026-06-01 10:40:17] local.ERROR: SQLSTATE[HY000]: General error: 1 no such table: matches (Connection: sqlite, SQL: insert into "matches" ("team1", "team2", "team1_flag", "team2_flag", "score1", "score2", "match_date", "stage", "group_name", "status", "updated_at", "created_at") values (Morocco, Brazil, https://flagcdn.com/w80/ma.png, https://flagcdn.com/w80/br.png, 2, 1, 2026-06-12 18:00:00, Group Stage, Group C, finished, 2026-06-01 10:40:17, 2026-06-01 10:40:17)) {"exception":"[object] (Illuminate\\Database\\QueryException(code: HY000): SQLSTATE[HY000]: General error: 1 no such table: matches (Connection: sqlite, SQL: insert into \"matches\" (\"team1\", \"team2\", \"team1_flag\", \"team2_flag\", \"score1\", \"score2\", \"match_date\", \"stage\", \"group_name\", \"status\", \"updated_at\", \"created_at\") values (Morocco, Brazil, https://flagcdn.com/w80/ma.png, https://flagcdn.com/w80/br.png, 2, 1, 2026-06-12 18:00:00, Group Stage, Group C, finished, 2026-06-01 10:40:17, 2026-06-01 10:40:17)) at C:/Users/ufcmsila/Desktop/matches/worldcup-laravel/vendor/laravel/framework/src/Illuminate/Database/Connection.php:825)
[stacktrace]
#0 C:/Users/ufcmsila/Desktop/matches/worldcup-laravel/vendor/laravel/framework/src/Illuminate/Database/Connection.php(779): Illuminate/Database/Connection->runQueryCallback()
#1 C:/Users/ufcmsila/Desktop/matches/worldcup-laravel/vendor/laravel/framework/src/Illuminate/Database/Connection.php(560): Illuminate/Database/Connection->run()
#2 C:/Users/ufcmsila/Desktop/matches/worldcup-laravel/vendor/laravel/framework/src/Illuminate/Database/Connection.php(524): Illuminate/Database/Connection->statement()
#3 C:/Users/ufcmsila/Desktop/matches/worldcup-laravel/vendor/laravel/framework/src/Illuminate/Database/Query/Processors/Processor.php(32): Illuminate/Database/Connection->insert()
#4 C:/Users/ufcmsila/Desktop/matches/worldcup-laravel/vendor/laravel/framework/src/Illuminate/Database/Query/Builder.php(3766): Illuminate/Database/Query/Processors/Processor->processInsertGetId()
#5 C:/Users/ufcmsila/Desktop/matches/worldcup-laravel/vendor/laravel/framework/src/Illuminate/Database/Eloquent/Builder.php(2120): Illuminate/Database/Query/Builder->insertGetId()
#6 C:/Users/ufcmsila/Desktop/matches/worldcup-laravel/vendor/laravel/framework/src/Illuminate/Database/Eloquent/Model.php(1359): Illuminate/Database/Eloquent/Builder->__call()
#7 C:/Users/ufcmsila/Desktop/matches/worldcup-laravel/vendor/laravel/framework/src/Illuminate/Database/Eloquent/Model.php(1324): Illuminate/Database/Eloquent/Model->insertAndSetId()
#8 C:/Users/ufcmsila/Desktop/matches/worldcup-laravel/vendor/laravel/framework/src/Illuminate/Database/Eloquent/Model.php(1163): Illuminate/Database/Eloquent/Model->performInsert()
#9 C:/Users/ufcmsila/Desktop/matches/worldcup-laravel/vendor/laravel/framework/src/Illuminate/Database/Eloquent/Builder.php(1128): Illuminate/Database/Eloquent/Model->save()
#10 C:/Users/ufcmsila/Desktop/matches/worldcup-laravel/vendor/laravel/framework/src/Illuminate/Support/helpers.php(399): Illuminate/Database/Eloquent/Builder->Illuminate/Database/Eloquent/{closure}()
#11 C:/Users/ufcmsila/Desktop/matches/worldcup-laravel/vendor/laravel/framework/src/Illuminate/Database/Eloquent/Builder.php(1127): tap()
#12 C:/Users/ufcmsila/Desktop/matches/worldcup-laravel/vendor/laravel/framework/src/Illuminate/Support/Traits/ForwardsCalls.php(23): Illuminate/Database/Eloquent/Builder->create()
#13 C:/Users/ufcmsila/Desktop/matches/worldcup-laravel/vendor/laravel/framework/src/Illuminate/Database/Eloquent/Model.php(2372): Illuminate/Database/Eloquent/Model->forwardCallTo()
#14 C:/Users/ufcmsila/Desktop/matches/worldcup-laravel/vendor/laravel/framework/src/Illuminate/Database/Eloquent/Model.php(2384): Illuminate/Database/Eloquent/Model->__call()
#15 C:/Users/ufcmsila/Desktop/matches/worldcup-laravel/database/seeders/DatabaseSeeder.php(78): Illuminate/Database/Eloquent/Model::__callStatic()
#16 C:/Users/ufcmsila/Desktop/matches/worldcup-laravel/vendor/laravel/framework/src/Illuminate/Container/BoundMethod.php(36): Database/Seeders/DatabaseSeeder->run()
#17 C:/Users/ufcmsila/Desktop/matches/worldcup-laravel/vendor/laravel/framework/src/Illuminate/Container/Util.php(43): Illuminate/Container/BoundMethod::Illuminate/Container/{closure}()
#18 C:/Users/ufcmsila/Desktop/matches/worldcup-laravel/vendor/laravel/framework/src/Illuminate/Container/BoundMethod.php(95): Illuminate/Container/Util::unwrapIfClosure()
#19 C:/Users/ufcmsila/Desktop/matches/worldcup-laravel/vendor/laravel/framework/src/Illuminate/Container/BoundMethod.php(35): Illuminate/Container/BoundMethod::callBoundMethod()
#20 C:/Users/ufcmsila/Desktop/matches/worldcup-laravel/vendor/laravel/framework/src/Illuminate/Container/Container.php(696): Illuminate/Container/BoundMethod::call()
#21 C:/Users/ufcmsila/Desktop/matches/worldcup-laravel/vendor/laravel/framework/src/Illuminate/Database/Seeder.php(188): Illuminate/Container/Container->call()
#22 C:/Users/ufcmsila/Desktop/matches/worldcup-laravel/vendor/laravel/framework/src/Illuminate/Database/Seeder.php(197): Illuminate/Database/Seeder->Illuminate/Database/{closure}()
#23 C:/Users/ufcmsila/Desktop/matches/worldcup-laravel/vendor/laravel/framework/src/Illuminate/Database/Console/Seeds/SeedCommand.php(70): Illuminate/Database/Seeder->__invoke()
#24 C:/Users/ufcmsila/Desktop/matches/worldcup-laravel/vendor/laravel/framework/src/Illuminate/Database/Eloquent/Concerns/GuardsAttributes.php(155): Illuminate/Database/Console/Seeds/SeedCommand->Illuminate/Database/Console/Seeds/{closure}()
#25 C:/Users/ufcmsila/Desktop/matches/worldcup-laravel/vendor/laravel/framework/src/Illuminate/Database/Console/Seeds/SeedCommand.php(69): Illuminate/Database/Eloquent/Model::unguarded()
#26 C:/Users/ufcmsila/Desktop/matches/worldcup-laravel/vendor/laravel/framework/src/Illuminate/Container/BoundMethod.php(36): Illuminate/Database/Console/Seeds/SeedCommand->handle()
#27 C:/Users/ufcmsila/Desktop/matches/worldcup-laravel/vendor/laravel/framework/src/Illuminate/Container/Util.php(43): Illuminate/Container/BoundMethod::Illuminate/Container/{closure}()
#28 C:/Users/ufcmsila/Desktop/matches/worldcup-laravel/vendor/laravel/framework/src/Illuminate/Container/BoundMethod.php(95): Illuminate/Container/Util::unwrapIfClosure()
#29 C:/Users/ufcmsila/Desktop/matches/worldcup-laravel/vendor/laravel/framework/src/Illuminate/Container/BoundMethod.php(35): Illuminate/Container/BoundMethod::callBoundMethod()
#30 C:/Users/ufcmsila/Desktop/matches/worldcup-laravel/vendor/laravel/framework/src/Illuminate/Container/Container.php(696): Illuminate/Container/BoundMethod::call()
#31 C:/Users/ufcmsila/Desktop/matches/worldcup-laravel/vendor/laravel/framework/src/Illuminate/Console/Command.php(213): Illuminate/Container/Container->call()
#32 C:/Users/ufcmsila/Desktop/matches/worldcup-laravel/vendor/symfony/console/Command/Command.php(341): Illuminate/Console/Command->execute()
#33 C:/Users/ufcmsila/Desktop/matches/worldcup-laravel/vendor/laravel/framework/src/Illuminate/Console/Command.php(182): Symfony/Component/Console/Command/Command->run()
#34 C:/Users/ufcmsila/Desktop/matches/worldcup-laravel/vendor/symfony/console/Application.php(1117): Illuminate/Console/Command->run()
#35 C:/Users/ufcmsila/Desktop/matches/worldcup-laravel/vendor/symfony/console/Application.php(356): Symfony/Component/Console/Application->doRunCommand()
#36 C:/Users/ufcmsila/Desktop/matches/worldcup-laravel/vendor/symfony/console/Application.php(195): Symfony/Component/Console/Application->doRun()
#37 C:/Users/ufcmsila/Desktop/matches/worldcup-laravel/vendor/laravel/framework/src/Illuminate/Foundation/Console/Kernel.php(198): Symfony/Component/Console/Application->run()
#38 C:/Users/ufcmsila/Desktop/matches/worldcup-laravel/artisan(24): Illuminate/Foundation/Console/Kernel->handle()
#39 {main}

[previous exception] [object] (PDOException(code: HY000): SQLSTATE[HY000]: General error: 1 no such table: matches at C:/Users/ufcmsila/Desktop/matches/worldcup-laravel/vendor/laravel/framework/src/Illuminate/Database/Connection.php:565)
[stacktrace]
#0 C:/Users/ufcmsila/Desktop/matches/worldcup-laravel/vendor/laravel/framework/src/Illuminate/Database/Connection.php(565): PDO->prepare()
#1 C:/Users/ufcmsila/Desktop/matches/worldcup-laravel/vendor/laravel/framework/src/Illuminate/Database/Connection.php(812): Illuminate/Database/Connection->Illuminate/Database/{closure}()
#2 C:/Users/ufcmsila/Desktop/matches/worldcup-laravel/vendor/laravel/framework/src/Illuminate/Database/Connection.php(779): Illuminate/Database/Connection->runQueryCallback()
#3 C:/Users/ufcmsila/Desktop/matches/worldcup-laravel/vendor/laravel/framework/src/Illuminate/Database/Connection.php(560): Illuminate/Database/Connection->run()
#4 C:/Users/ufcmsila/Desktop/matches/worldcup-laravel/vendor/laravel/framework/src/Illuminate/Database/Connection.php(524): Illuminate/Database/Connection->statement()
#5 C:/Users/ufcmsila/Desktop/matches/worldcup-laravel/vendor/laravel/framework/src/Illuminate/Database/Query/Processors/Processor.php(32): Illuminate/Database/Connection->insert()
#6 C:/Users/ufcmsila/Desktop/matches/worldcup-laravel/vendor/laravel/framework/src/Illuminate/Database/Query/Builder.php(3766): Illuminate/Database/Query/Processors/Processor->processInsertGetId()
#7 C:/Users/ufcmsila/Desktop/matches/worldcup-laravel/vendor/laravel/framework/src/Illuminate/Database/Eloquent/Builder.php(2120): Illuminate/Database/Query/Builder->insertGetId()
#8 C:/Users/ufcmsila/Desktop/matches/worldcup-laravel/vendor/laravel/framework/src/Illuminate/Database/Eloquent/Model.php(1359): Illuminate/Database/Eloquent/Builder->__call()
#9 C:/Users/ufcmsila/Desktop/matches/worldcup-laravel/vendor/laravel/framework/src/Illuminate/Database/Eloquent/Model.php(1324): Illuminate/Database/Eloquent/Model->insertAndSetId()
#10 C:/Users/ufcmsila/Desktop/matches/worldcup-laravel/vendor/laravel/framework/src/Illuminate/Database/Eloquent/Model.php(1163): Illuminate/Database/Eloquent/Model->performInsert()
#11 C:/Users/ufcmsila/Desktop/matches/worldcup-laravel/vendor/laravel/framework/src/Illuminate/Database/Eloquent/Builder.php(1128): Illuminate/Database/Eloquent/Model->save()
#12 C:/Users/ufcmsila/Desktop/matches/worldcup-laravel/vendor/laravel/framework/src/Illuminate/Support/helpers.php(399): Illuminate/Database/Eloquent/Builder->Illuminate/Database/Eloquent/{closure}()
#13 C:/Users/ufcmsila/Desktop/matches/worldcup-laravel/vendor/laravel/framework/src/Illuminate/Database/Eloquent/Builder.php(1127): tap()
#14 C:/Users/ufcmsila/Desktop/matches/worldcup-laravel/vendor/laravel/framework/src/Illuminate/Support/Traits/ForwardsCalls.php(23): Illuminate/Database/Eloquent/Builder->create()
#15 C:/Users/ufcmsila/Desktop/matches/worldcup-laravel/vendor/laravel/framework/src/Illuminate/Database/Eloquent/Model.php(2372): Illuminate/Database/Eloquent/Model->forwardCallTo()
#16 C:/Users/ufcmsila/Desktop/matches/worldcup-laravel/vendor/laravel/framework/src/Illuminate/Database/Eloquent/Model.php(2384): Illuminate/Database/Eloquent/Model->__call()
#17 C:/Users/ufcmsila/Desktop/matches/worldcup-laravel/database/seeders/DatabaseSeeder.php(78): Illuminate/Database/Eloquent/Model::__callStatic()
#18 C:/Users/ufcmsila/Desktop/matches/worldcup-laravel/vendor/laravel/framework/src/Illuminate/Container/BoundMethod.php(36): Database/Seeders/DatabaseSeeder->run()
#19 C:/Users/ufcmsila/Desktop/matches/worldcup-laravel/vendor/laravel/framework/src/Illuminate/Container/Util.php(43): Illuminate/Container/BoundMethod::Illuminate/Container/{closure}()
#20 C:/Users/ufcmsila/Desktop/matches/worldcup-laravel/vendor/laravel/framework/src/Illuminate/Container/BoundMethod.php(95): Illuminate/Container/Util::unwrapIfClosure()
#21 C:/Users/ufcmsila/Desktop/matches/worldcup-laravel/vendor/laravel/framework/src/Illuminate/Container/BoundMethod.php(35): Illuminate/Container/BoundMethod::callBoundMethod()
#22 C:/Users/ufcmsila/Desktop/matches/worldcup-laravel/vendor/laravel/framework/src/Illuminate/Container/Container.php(696): Illuminate/Container/BoundMethod::call()
#23 C:/Users/ufcmsila/Desktop/matches/worldcup-laravel/vendor/laravel/framework/src/Illuminate/Database/Seeder.php(188): Illuminate/Container/Container->call()
#24 C:/Users/ufcmsila/Desktop/matches/worldcup-laravel/vendor/laravel/framework/src/Illuminate/Database/Seeder.php(197): Illuminate/Database/Seeder->Illuminate/Database/{closure}()
#25 C:/Users/ufcmsila/Desktop/matches/worldcup-laravel/vendor/laravel/framework/src/Illuminate/Database/Console/Seeds/SeedCommand.php(70): Illuminate/Database/Seeder->__invoke()
#26 C:/Users/ufcmsila/Desktop/matches/worldcup-laravel/vendor/laravel/framework/src/Illuminate/Database/Eloquent/Concerns/GuardsAttributes.php(155): Illuminate/Database/Console/Seeds/SeedCommand->Illuminate/Database/Console/Seeds/{closure}()
#27 C:/Users/ufcmsila/Desktop/matches/worldcup-laravel/vendor/laravel/framework/src/Illuminate/Database/Console/Seeds/SeedCommand.php(69): Illuminate/Database/Eloquent/Model::unguarded()
#28 C:/Users/ufcmsila/Desktop/matches/worldcup-laravel/vendor/laravel/framework/src/Illuminate/Container/BoundMethod.php(36): Illuminate/Database/Console/Seeds/SeedCommand->handle()
#29 C:/Users/ufcmsila/Desktop/matches/worldcup-laravel/vendor/laravel/framework/src/Illuminate/Container/Util.php(43): Illuminate/Container/BoundMethod::Illuminate/Container/{closure}()
#30 C:/Users/ufcmsila/Desktop/matches/worldcup-laravel/vendor/laravel/framework/src/Illuminate/Container/BoundMethod.php(95): Illuminate/Container/Util::unwrapIfClosure()
#31 C:/Users/ufcmsila/Desktop/matches/worldcup-laravel/vendor/laravel/framework/src/Illuminate/Container/BoundMethod.php(35): Illuminate/Container/BoundMethod::callBoundMethod()
#32 C:/Users/ufcmsila/Desktop/matches/worldcup-laravel/vendor/laravel/framework/src/Illuminate/Container/Container.php(696): Illuminate/Container/BoundMethod::call()
#33 C:/Users/ufcmsila/Desktop/matches/worldcup-laravel/vendor/laravel/framework/src/Illuminate/Console/Command.php(213): Illuminate/Container/Container->call()
#34 C:/Users/ufcmsila/Desktop/matches/worldcup-laravel/vendor/symfony/console/Command/Command.php(341): Illuminate/Console/Command->execute()
#35 C:/Users/ufcmsila/Desktop/matches/worldcup-laravel/vendor/laravel/framework/src/Illuminate/Console/Command.php(182): Symfony/Component/Console/Command/Command->run()
#36 C:/Users/ufcmsila/Desktop/matches/worldcup-laravel/vendor/symfony/console/Application.php(1117): Illuminate/Console/Command->run()
#37 C:/Users/ufcmsila/Desktop/matches/worldcup-laravel/vendor/symfony/console/Application.php(356): Symfony/Component/Console/Application->doRunCommand()
#38 C:/Users/ufcmsila/Desktop/matches/worldcup-laravel/vendor/symfony/console/Application.php(195): Symfony/Component/Console/Application->doRun()
#39 C:/Users/ufcmsila/Desktop/matches/worldcup-laravel/vendor/laravel/framework/src/Illuminate/Foundation/Console/Kernel.php(198): Symfony/Component/Console/Application->run()
#40 C:/Users/ufcmsila/Desktop/matches/worldcup-laravel/artisan(24): Illuminate/Foundation/Console/Kernel->handle()
#41 {main}
"} 
[2026-06-01 10:45:18] local.ERROR: Class "App\Http\Controllers\Controller" not found {"exception":"[object] (Error(code: 0): Class \"App\\Http\\Controllers\\Controller\" not found at C:/Users/ufcmsila/Desktop/matches/worldcup-laravel/app/Http/Controllers/MatchController.php:8)
[stacktrace]
#0 C:/Users/ufcmsila/Desktop/matches/worldcup-laravel/vendor/composer/ClassLoader.php(576): include()
#1 C:/Users/ufcmsila/Desktop/matches/worldcup-laravel/vendor/composer/ClassLoader.php(427): Composer/Autoload/{closure}()
#2 [internal function]: Composer/Autoload/ClassLoader->loadClass()
#3 C:/Users/ufcmsila/Desktop/matches/worldcup-laravel/vendor/laravel/framework/src/Illuminate/Routing/Route.php(1117): is_a()
#4 C:/Users/ufcmsila/Desktop/matches/worldcup-laravel/vendor/laravel/framework/src/Illuminate/Routing/Route.php(1054): Illuminate/Routing/Route->controllerMiddleware()
#5 C:/Users/ufcmsila/Desktop/matches/worldcup-laravel/vendor/laravel/framework/src/Illuminate/Routing/Router.php(820): Illuminate/Routing/Route->gatherMiddleware()
#6 C:/Users/ufcmsila/Desktop/matches/worldcup-laravel/vendor/laravel/framework/src/Illuminate/Routing/Router.php(802): Illuminate/Routing/Router->gatherRouteMiddleware()
#7 C:/Users/ufcmsila/Desktop/matches/worldcup-laravel/vendor/laravel/framework/src/Illuminate/Routing/Router.php(786): Illuminate/Routing/Router->runRouteWithinStack()
#8 C:/Users/ufcmsila/Desktop/matches/worldcup-laravel/vendor/laravel/framework/src/Illuminate/Routing/Router.php(750): Illuminate/Routing/Router->runRoute()
#9 C:/Users/ufcmsila/Desktop/matches/worldcup-laravel/vendor/laravel/framework/src/Illuminate/Routing/Router.php(739): Illuminate/Routing/Router->dispatchToRoute()
#10 C:/Users/ufcmsila/Desktop/matches/worldcup-laravel/vendor/laravel/framework/src/Illuminate/Foundation/Http/Kernel.php(201): Illuminate/Routing/Router->dispatch()
#11 C:/Users/ufcmsila/Desktop/matches/worldcup-laravel/vendor/laravel/framework/src/Illuminate/Pipeline/Pipeline.php(170): Illuminate/Foundation/Http/Kernel->Illuminate/Foundation/Http/{closure}()
#12 C:/Users/ufcmsila/Desktop/matches/worldcup-laravel/vendor/laravel/framework/src/Illuminate/Foundation/Http/Middleware/TransformsRequest.php(21): Illuminate/Pipeline/Pipeline->Illuminate/Pipeline/{closure}()
#13 C:/Users/ufcmsila/Desktop/matches/worldcup-laravel/vendor/laravel/framework/src/Illuminate/Foundation/Http/Middleware/ConvertEmptyStringsToNull.php(31): Illuminate/Foundation/Http/Middleware/TransformsRequest->handle()
#14 C:/Users/ufcmsila/Desktop/matches/worldcup-laravel/vendor/laravel/framework/src/Illuminate/Pipeline/Pipeline.php(209): Illuminate/Foundation/Http/Middleware/ConvertEmptyStringsToNull->handle()
#15 C:/Users/ufcmsila/Desktop/matches/worldcup-laravel/vendor/laravel/framework/src/Illuminate/Foundation/Http/Middleware/TransformsRequest.php(21): Illuminate/Pipeline/Pipeline->Illuminate/Pipeline/{closure}()
#16 C:/Users/ufcmsila/Desktop/matches/worldcup-laravel/vendor/laravel/framework/src/Illuminate/Foundation/Http/Middleware/TrimStrings.php(51): Illuminate/Foundation/Http/Middleware/TransformsRequest->handle()
#17 C:/Users/ufcmsila/Desktop/matches/worldcup-laravel/vendor/laravel/framework/src/Illuminate/Pipeline/Pipeline.php(209): Illuminate/Foundation/Http/Middleware/TrimStrings->handle()
#18 C:/Users/ufcmsila/Desktop/matches/worldcup-laravel/vendor/laravel/framework/src/Illuminate/Http/Middleware/ValidatePostSize.php(27): Illuminate/Pipeline/Pipeline->Illuminate/Pipeline/{closure}()
#19 C:/Users/ufcmsila/Desktop/matches/worldcup-laravel/vendor/laravel/framework/src/Illuminate/Pipeline/Pipeline.php(209): Illuminate/Http/Middleware/ValidatePostSize->handle()
#20 C:/Users/ufcmsila/Desktop/matches/worldcup-laravel/vendor/laravel/framework/src/Illuminate/Foundation/Http/Middleware/PreventRequestsDuringMaintenance.php(110): Illuminate/Pipeline/Pipeline->Illuminate/Pipeline/{closure}()
#21 C:/Users/ufcmsila/Desktop/matches/worldcup-laravel/vendor/laravel/framework/src/Illuminate/Pipeline/Pipeline.php(209): Illuminate/Foundation/Http/Middleware/PreventRequestsDuringMaintenance->handle()
#22 C:/Users/ufcmsila/Desktop/matches/worldcup-laravel/vendor/laravel/framework/src/Illuminate/Http/Middleware/HandleCors.php(49): Illuminate/Pipeline/Pipeline->Illuminate/Pipeline/{closure}()
#23 C:/Users/ufcmsila/Desktop/matches/worldcup-laravel/vendor/laravel/framework/src/Illuminate/Pipeline/Pipeline.php(209): Illuminate/Http/Middleware/HandleCors->handle()
#24 C:/Users/ufcmsila/Desktop/matches/worldcup-laravel/vendor/laravel/framework/src/Illuminate/Http/Middleware/TrustProxies.php(58): Illuminate/Pipeline/Pipeline->Illuminate/Pipeline/{closure}()
#25 C:/Users/ufcmsila/Desktop/matches/worldcup-laravel/vendor/laravel/framework/src/Illuminate/Pipeline/Pipeline.php(209): Illuminate/Http/Middleware/TrustProxies->handle()
#26 C:/Users/ufcmsila/Desktop/matches/worldcup-laravel/vendor/laravel/framework/src/Illuminate/Foundation/Http/Middleware/InvokeDeferredCallbacks.php(22): Illuminate/Pipeline/Pipeline->Illuminate/Pipeline/{closure}()
#27 C:/Users/ufcmsila/Desktop/matches/worldcup-laravel/vendor/laravel/framework/src/Illuminate/Pipeline/Pipeline.php(209): Illuminate/Foundation/Http/Middleware/InvokeDeferredCallbacks->handle()
#28 C:/Users/ufcmsila/Desktop/matches/worldcup-laravel/vendor/laravel/framework/src/Illuminate/Pipeline/Pipeline.php(127): Illuminate/Pipeline/Pipeline->Illuminate/Pipeline/{closure}()
#29 C:/Users/ufcmsila/Desktop/matches/worldcup-laravel/vendor/laravel/framework/src/Illuminate/Foundation/Http/Kernel.php(176): Illuminate/Pipeline/Pipeline->then()
#30 C:/Users/ufcmsila/Desktop/matches/worldcup-laravel/vendor/laravel/framework/src/Illuminate/Foundation/Http/Kernel.php(145): Illuminate/Foundation/Http/Kernel->sendRequestThroughRouter()
#31 C:/Users/ufcmsila/Desktop/matches/worldcup-laravel/public/index.php(35): Illuminate/Foundation/Http/Kernel->handle()
#32 C:/Users/ufcmsila/Desktop/matches/worldcup-laravel/vendor/laravel/framework/src/Illuminate/Foundation/resources/server.php(23): require_once('...')
#33 {main}
"} 
[2026-06-01 10:50:16] local.ERROR: Class "App\Http\Controllers\Controller" not found {"exception":"[object] (Error(code: 0): Class \"App\\Http\\Controllers\\Controller\" not found at C:/Users/ufcmsila/Desktop/matches/worldcup-laravel/app/Http/Controllers/MatchController.php:8)
[stacktrace]
#0 C:/Users/ufcmsila/Desktop/matches/worldcup-laravel/vendor/composer/ClassLoader.php(576): include()
#1 C:/Users/ufcmsila/Desktop/matches/worldcup-laravel/vendor/composer/ClassLoader.php(427): Composer/Autoload/{closure}()
#2 [internal function]: Composer/Autoload/ClassLoader->loadClass()
#3 C:/Users/ufcmsila/Desktop/matches/worldcup-laravel/vendor/laravel/framework/src/Illuminate/Routing/Route.php(1117): is_a()
#4 C:/Users/ufcmsila/Desktop/matches/worldcup-laravel/vendor/laravel/framework/src/Illuminate/Routing/Route.php(1054): Illuminate/Routing/Route->controllerMiddleware()
#5 C:/Users/ufcmsila/Desktop/matches/worldcup-laravel/vendor/laravel/framework/src/Illuminate/Routing/Router.php(820): Illuminate/Routing/Route->gatherMiddleware()
#6 C:/Users/ufcmsila/Desktop/matches/worldcup-laravel/vendor/laravel/framework/src/Illuminate/Routing/Router.php(802): Illuminate/Routing/Router->gatherRouteMiddleware()
#7 C:/Users/ufcmsila/Desktop/matches/worldcup-laravel/vendor/laravel/framework/src/Illuminate/Routing/Router.php(786): Illuminate/Routing/Router->runRouteWithinStack()
#8 C:/Users/ufcmsila/Desktop/matches/worldcup-laravel/vendor/laravel/framework/src/Illuminate/Routing/Router.php(750): Illuminate/Routing/Router->runRoute()
#9 C:/Users/ufcmsila/Desktop/matches/worldcup-laravel/vendor/laravel/framework/src/Illuminate/Routing/Router.php(739): Illuminate/Routing/Router->dispatchToRoute()
#10 C:/Users/ufcmsila/Desktop/matches/worldcup-laravel/vendor/laravel/framework/src/Illuminate/Foundation/Http/Kernel.php(201): Illuminate/Routing/Router->dispatch()
#11 C:/Users/ufcmsila/Desktop/matches/worldcup-laravel/vendor/laravel/framework/src/Illuminate/Pipeline/Pipeline.php(170): Illuminate/Foundation/Http/Kernel->Illuminate/Foundation/Http/{closure}()
#12 C:/Users/ufcmsila/Desktop/matches/worldcup-laravel/vendor/laravel/framework/src/Illuminate/Foundation/Http/Middleware/TransformsRequest.php(21): Illuminate/Pipeline/Pipeline->Illuminate/Pipeline/{closure}()
#13 C:/Users/ufcmsila/Desktop/matches/worldcup-laravel/vendor/laravel/framework/src/Illuminate/Foundation/Http/Middleware/ConvertEmptyStringsToNull.php(31): Illuminate/Foundation/Http/Middleware/TransformsRequest->handle()
#14 C:/Users/ufcmsila/Desktop/matches/worldcup-laravel/vendor/laravel/framework/src/Illuminate/Pipeline/Pipeline.php(209): Illuminate/Foundation/Http/Middleware/ConvertEmptyStringsToNull->handle()
#15 C:/Users/ufcmsila/Desktop/matches/worldcup-laravel/vendor/laravel/framework/src/Illuminate/Foundation/Http/Middleware/TransformsRequest.php(21): Illuminate/Pipeline/Pipeline->Illuminate/Pipeline/{closure}()
#16 C:/Users/ufcmsila/Desktop/matches/worldcup-laravel/vendor/laravel/framework/src/Illuminate/Foundation/Http/Middleware/TrimStrings.php(51): Illuminate/Foundation/Http/Middleware/TransformsRequest->handle()
#17 C:/Users/ufcmsila/Desktop/matches/worldcup-laravel/vendor/laravel/framework/src/Illuminate/Pipeline/Pipeline.php(209): Illuminate/Foundation/Http/Middleware/TrimStrings->handle()
#18 C:/Users/ufcmsila/Desktop/matches/worldcup-laravel/vendor/laravel/framework/src/Illuminate/Http/Middleware/ValidatePostSize.php(27): Illuminate/Pipeline/Pipeline->Illuminate/Pipeline/{closure}()
#19 C:/Users/ufcmsila/Desktop/matches/worldcup-laravel/vendor/laravel/framework/src/Illuminate/Pipeline/Pipeline.php(209): Illuminate/Http/Middleware/ValidatePostSize->handle()
#20 C:/Users/ufcmsila/Desktop/matches/worldcup-laravel/vendor/laravel/framework/src/Illuminate/Foundation/Http/Middleware/PreventRequestsDuringMaintenance.php(110): Illuminate/Pipeline/Pipeline->Illuminate/Pipeline/{closure}()
#21 C:/Users/ufcmsila/Desktop/matches/worldcup-laravel/vendor/laravel/framework/src/Illuminate/Pipeline/Pipeline.php(209): Illuminate/Foundation/Http/Middleware/PreventRequestsDuringMaintenance->handle()
#22 C:/Users/ufcmsila/Desktop/matches/worldcup-laravel/vendor/laravel/framework/src/Illuminate/Http/Middleware/HandleCors.php(49): Illuminate/Pipeline/Pipeline->Illuminate/Pipeline/{closure}()
#23 C:/Users/ufcmsila/Desktop/matches/worldcup-laravel/vendor/laravel/framework/src/Illuminate/Pipeline/Pipeline.php(209): Illuminate/Http/Middleware/HandleCors->handle()
#24 C:/Users/ufcmsila/Desktop/matches/worldcup-laravel/vendor/laravel/framework/src/Illuminate/Http/Middleware/TrustProxies.php(58): Illuminate/Pipeline/Pipeline->Illuminate/Pipeline/{closure}()
#25 C:/Users/ufcmsila/Desktop/matches/worldcup-laravel/vendor/laravel/framework/src/Illuminate/Pipeline/Pipeline.php(209): Illuminate/Http/Middleware/TrustProxies->handle()
#26 C:/Users/ufcmsila/Desktop/matches/worldcup-laravel/vendor/laravel/framework/src/Illuminate/Foundation/Http/Middleware/InvokeDeferredCallbacks.php(22): Illuminate/Pipeline/Pipeline->Illuminate/Pipeline/{closure}()
#27 C:/Users/ufcmsila/Desktop/matches/worldcup-laravel/vendor/laravel/framework/src/Illuminate/Pipeline/Pipeline.php(209): Illuminate/Foundation/Http/Middleware/InvokeDeferredCallbacks->handle()
#28 C:/Users/ufcmsila/Desktop/matches/worldcup-laravel/vendor/laravel/framework/src/Illuminate/Pipeline/Pipeline.php(127): Illuminate/Pipeline/Pipeline->Illuminate/Pipeline/{closure}()
#29 C:/Users/ufcmsila/Desktop/matches/worldcup-laravel/vendor/laravel/framework/src/Illuminate/Foundation/Http/Kernel.php(176): Illuminate/Pipeline/Pipeline->then()
#30 C:/Users/ufcmsila/Desktop/matches/worldcup-laravel/vendor/laravel/framework/src/Illuminate/Foundation/Http/Kernel.php(145): Illuminate/Foundation/Http/Kernel->sendRequestThroughRouter()
#31 C:/Users/ufcmsila/Desktop/matches/worldcup-laravel/public/index.php(35): Illuminate/Foundation/Http/Kernel->handle()
#32 C:/Users/ufcmsila/Desktop/matches/worldcup-laravel/vendor/laravel/framework/src/Illuminate/Foundation/resources/server.php(23): require_once('...')
#33 {main}
"} 
[2026-06-01 10:50:43] local.ERROR: Class "App\Http\Controllers\Controller" not found {"exception":"[object] (Error(code: 0): Class \"App\\Http\\Controllers\\Controller\" not found at C:/Users/ufcmsila/Desktop/matches/worldcup-laravel/app/Http/Controllers/MatchController.php:8)
[stacktrace]
#0 C:/Users/ufcmsila/Desktop/matches/worldcup-laravel/vendor/composer/ClassLoader.php(576): include()
#1 C:/Users/ufcmsila/Desktop/matches/worldcup-laravel/vendor/composer/ClassLoader.php(427): Composer/Autoload/{closure}()
#2 [internal function]: Composer/Autoload/ClassLoader->loadClass()
#3 C:/Users/ufcmsila/Desktop/matches/worldcup-laravel/vendor/laravel/framework/src/Illuminate/Routing/Route.php(1117): is_a()
#4 C:/Users/ufcmsila/Desktop/matches/worldcup-laravel/vendor/laravel/framework/src/Illuminate/Routing/Route.php(1054): Illuminate/Routing/Route->controllerMiddleware()
#5 C:/Users/ufcmsila/Desktop/matches/worldcup-laravel/vendor/laravel/framework/src/Illuminate/Routing/Router.php(820): Illuminate/Routing/Route->gatherMiddleware()
#6 C:/Users/ufcmsila/Desktop/matches/worldcup-laravel/vendor/laravel/framework/src/Illuminate/Routing/Router.php(802): Illuminate/Routing/Router->gatherRouteMiddleware()
#7 C:/Users/ufcmsila/Desktop/matches/worldcup-laravel/vendor/laravel/framework/src/Illuminate/Routing/Router.php(786): Illuminate/Routing/Router->runRouteWithinStack()
#8 C:/Users/ufcmsila/Desktop/matches/worldcup-laravel/vendor/laravel/framework/src/Illuminate/Routing/Router.php(750): Illuminate/Routing/Router->runRoute()
#9 C:/Users/ufcmsila/Desktop/matches/worldcup-laravel/vendor/laravel/framework/src/Illuminate/Routing/Router.php(739): Illuminate/Routing/Router->dispatchToRoute()
#10 C:/Users/ufcmsila/Desktop/matches/worldcup-laravel/vendor/laravel/framework/src/Illuminate/Foundation/Http/Kernel.php(201): Illuminate/Routing/Router->dispatch()
#11 C:/Users/ufcmsila/Desktop/matches/worldcup-laravel/vendor/laravel/framework/src/Illuminate/Pipeline/Pipeline.php(170): Illuminate/Foundation/Http/Kernel->Illuminate/Foundation/Http/{closure}()
#12 C:/Users/ufcmsila/Desktop/matches/worldcup-laravel/vendor/laravel/framework/src/Illuminate/Foundation/Http/Middleware/TransformsRequest.php(21): Illuminate/Pipeline/Pipeline->Illuminate/Pipeline/{closure}()
#13 C:/Users/ufcmsila/Desktop/matches/worldcup-laravel/vendor/laravel/framework/src/Illuminate/Foundation/Http/Middleware/ConvertEmptyStringsToNull.php(31): Illuminate/Foundation/Http/Middleware/TransformsRequest->handle()
#14 C:/Users/ufcmsila/Desktop/matches/worldcup-laravel/vendor/laravel/framework/src/Illuminate/Pipeline/Pipeline.php(209): Illuminate/Foundation/Http/Middleware/ConvertEmptyStringsToNull->handle()
#15 C:/Users/ufcmsila/Desktop/matches/worldcup-laravel/vendor/laravel/framework/src/Illuminate/Foundation/Http/Middleware/TransformsRequest.php(21): Illuminate/Pipeline/Pipeline->Illuminate/Pipeline/{closure}()
#16 C:/Users/ufcmsila/Desktop/matches/worldcup-laravel/vendor/laravel/framework/src/Illuminate/Foundation/Http/Middleware/TrimStrings.php(51): Illuminate/Foundation/Http/Middleware/TransformsRequest->handle()
#17 C:/Users/ufcmsila/Desktop/matches/worldcup-laravel/vendor/laravel/framework/src/Illuminate/Pipeline/Pipeline.php(209): Illuminate/Foundation/Http/Middleware/TrimStrings->handle()
#18 C:/Users/ufcmsila/Desktop/matches/worldcup-laravel/vendor/laravel/framework/src/Illuminate/Http/Middleware/ValidatePostSize.php(27): Illuminate/Pipeline/Pipeline->Illuminate/Pipeline/{closure}()
#19 C:/Users/ufcmsila/Desktop/matches/worldcup-laravel/vendor/laravel/framework/src/Illuminate/Pipeline/Pipeline.php(209): Illuminate/Http/Middleware/ValidatePostSize->handle()
#20 C:/Users/ufcmsila/Desktop/matches/worldcup-laravel/vendor/laravel/framework/src/Illuminate/Foundation/Http/Middleware/PreventRequestsDuringMaintenance.php(110): Illuminate/Pipeline/Pipeline->Illuminate/Pipeline/{closure}()
#21 C:/Users/ufcmsila/Desktop/matches/worldcup-laravel/vendor/laravel/framework/src/Illuminate/Pipeline/Pipeline.php(209): Illuminate/Foundation/Http/Middleware/PreventRequestsDuringMaintenance->handle()
#22 C:/Users/ufcmsila/Desktop/matches/worldcup-laravel/vendor/laravel/framework/src/Illuminate/Http/Middleware/HandleCors.php(49): Illuminate/Pipeline/Pipeline->Illuminate/Pipeline/{closure}()
#23 C:/Users/ufcmsila/Desktop/matches/worldcup-laravel/vendor/laravel/framework/src/Illuminate/Pipeline/Pipeline.php(209): Illuminate/Http/Middleware/HandleCors->handle()
#24 C:/Users/ufcmsila/Desktop/matches/worldcup-laravel/vendor/laravel/framework/src/Illuminate/Http/Middleware/TrustProxies.php(58): Illuminate/Pipeline/Pipeline->Illuminate/Pipeline/{closure}()
#25 C:/Users/ufcmsila/Desktop/matches/worldcup-laravel/vendor/laravel/framework/src/Illuminate/Pipeline/Pipeline.php(209): Illuminate/Http/Middleware/TrustProxies->handle()
#26 C:/Users/ufcmsila/Desktop/matches/worldcup-laravel/vendor/laravel/framework/src/Illuminate/Foundation/Http/Middleware/InvokeDeferredCallbacks.php(22): Illuminate/Pipeline/Pipeline->Illuminate/Pipeline/{closure}()
#27 C:/Users/ufcmsila/Desktop/matches/worldcup-laravel/vendor/laravel/framework/src/Illuminate/Pipeline/Pipeline.php(209): Illuminate/Foundation/Http/Middleware/InvokeDeferredCallbacks->handle()
#28 C:/Users/ufcmsila/Desktop/matches/worldcup-laravel/vendor/laravel/framework/src/Illuminate/Pipeline/Pipeline.php(127): Illuminate/Pipeline/Pipeline->Illuminate/Pipeline/{closure}()
#29 C:/Users/ufcmsila/Desktop/matches/worldcup-laravel/vendor/laravel/framework/src/Illuminate/Foundation/Http/Kernel.php(176): Illuminate/Pipeline/Pipeline->then()
#30 C:/Users/ufcmsila/Desktop/matches/worldcup-laravel/vendor/laravel/framework/src/Illuminate/Foundation/Http/Kernel.php(145): Illuminate/Foundation/Http/Kernel->sendRequestThroughRouter()
#31 C:/Users/ufcmsila/Desktop/matches/worldcup-laravel/public/index.php(35): Illuminate/Foundation/Http/Kernel->handle()
#32 C:/Users/ufcmsila/Desktop/matches/worldcup-laravel/vendor/laravel/framework/src/Illuminate/Foundation/resources/server.php(23): require_once('...')
#33 {main}
"} 
[2026-06-01 10:50:53] local.ERROR: Class "App\Http\Controllers\Controller" not found {"exception":"[object] (Error(code: 0): Class \"App\\Http\\Controllers\\Controller\" not found at C:/Users/ufcmsila/Desktop/matches/worldcup-laravel/app/Http/Controllers/MatchController.php:8)
[stacktrace]
#0 C:/Users/ufcmsila/Desktop/matches/worldcup-laravel/vendor/composer/ClassLoader.php(576): include()
#1 C:/Users/ufcmsila/Desktop/matches/worldcup-laravel/vendor/composer/ClassLoader.php(427): Composer/Autoload/{closure}()
#2 [internal function]: Composer/Autoload/ClassLoader->loadClass()
#3 C:/Users/ufcmsila/Desktop/matches/worldcup-laravel/vendor/laravel/framework/src/Illuminate/Routing/Route.php(1117): is_a()
#4 C:/Users/ufcmsila/Desktop/matches/worldcup-laravel/vendor/laravel/framework/src/Illuminate/Routing/Route.php(1054): Illuminate/Routing/Route->controllerMiddleware()
#5 C:/Users/ufcmsila/Desktop/matches/worldcup-laravel/vendor/laravel/framework/src/Illuminate/Routing/Router.php(820): Illuminate/Routing/Route->gatherMiddleware()
#6 C:/Users/ufcmsila/Desktop/matches/worldcup-laravel/vendor/laravel/framework/src/Illuminate/Routing/Router.php(802): Illuminate/Routing/Router->gatherRouteMiddleware()
#7 C:/Users/ufcmsila/Desktop/matches/worldcup-laravel/vendor/laravel/framework/src/Illuminate/Routing/Router.php(786): Illuminate/Routing/Router->runRouteWithinStack()
#8 C:/Users/ufcmsila/Desktop/matches/worldcup-laravel/vendor/laravel/framework/src/Illuminate/Routing/Router.php(750): Illuminate/Routing/Router->runRoute()
#9 C:/Users/ufcmsila/Desktop/matches/worldcup-laravel/vendor/laravel/framework/src/Illuminate/Routing/Router.php(739): Illuminate/Routing/Router->dispatchToRoute()
#10 C:/Users/ufcmsila/Desktop/matches/worldcup-laravel/vendor/laravel/framework/src/Illuminate/Foundation/Http/Kernel.php(201): Illuminate/Routing/Router->dispatch()
#11 C:/Users/ufcmsila/Desktop/matches/worldcup-laravel/vendor/laravel/framework/src/Illuminate/Pipeline/Pipeline.php(170): Illuminate/Foundation/Http/Kernel->Illuminate/Foundation/Http/{closure}()
#12 C:/Users/ufcmsila/Desktop/matches/worldcup-laravel/vendor/laravel/framework/src/Illuminate/Foundation/Http/Middleware/TransformsRequest.php(21): Illuminate/Pipeline/Pipeline->Illuminate/Pipeline/{closure}()
#13 C:/Users/ufcmsila/Desktop/matches/worldcup-laravel/vendor/laravel/framework/src/Illuminate/Foundation/Http/Middleware/ConvertEmptyStringsToNull.php(31): Illuminate/Foundation/Http/Middleware/TransformsRequest->handle()
#14 C:/Users/ufcmsila/Desktop/matches/worldcup-laravel/vendor/laravel/framework/src/Illuminate/Pipeline/Pipeline.php(209): Illuminate/Foundation/Http/Middleware/ConvertEmptyStringsToNull->handle()
#15 C:/Users/ufcmsila/Desktop/matches/worldcup-laravel/vendor/laravel/framework/src/Illuminate/Foundation/Http/Middleware/TransformsRequest.php(21): Illuminate/Pipeline/Pipeline->Illuminate/Pipeline/{closure}()
#16 C:/Users/ufcmsila/Desktop/matches/worldcup-laravel/vendor/laravel/framework/src/Illuminate/Foundation/Http/Middleware/TrimStrings.php(51): Illuminate/Foundation/Http/Middleware/TransformsRequest->handle()
#17 C:/Users/ufcmsila/Desktop/matches/worldcup-laravel/vendor/laravel/framework/src/Illuminate/Pipeline/Pipeline.php(209): Illuminate/Foundation/Http/Middleware/TrimStrings->handle()
#18 C:/Users/ufcmsila/Desktop/matches/worldcup-laravel/vendor/laravel/framework/src/Illuminate/Http/Middleware/ValidatePostSize.php(27): Illuminate/Pipeline/Pipeline->Illuminate/Pipeline/{closure}()
#19 C:/Users/ufcmsila/Desktop/matches/worldcup-laravel/vendor/laravel/framework/src/Illuminate/Pipeline/Pipeline.php(209): Illuminate/Http/Middleware/ValidatePostSize->handle()
#20 C:/Users/ufcmsila/Desktop/matches/worldcup-laravel/vendor/laravel/framework/src/Illuminate/Foundation/Http/Middleware/PreventRequestsDuringMaintenance.php(110): Illuminate/Pipeline/Pipeline->Illuminate/Pipeline/{closure}()
#21 C:/Users/ufcmsila/Desktop/matches/worldcup-laravel/vendor/laravel/framework/src/Illuminate/Pipeline/Pipeline.php(209): Illuminate/Foundation/Http/Middleware/PreventRequestsDuringMaintenance->handle()
#22 C:/Users/ufcmsila/Desktop/matches/worldcup-laravel/vendor/laravel/framework/src/Illuminate/Http/Middleware/HandleCors.php(49): Illuminate/Pipeline/Pipeline->Illuminate/Pipeline/{closure}()
#23 C:/Users/ufcmsila/Desktop/matches/worldcup-laravel/vendor/laravel/framework/src/Illuminate/Pipeline/Pipeline.php(209): Illuminate/Http/Middleware/HandleCors->handle()
#24 C:/Users/ufcmsila/Desktop/matches/worldcup-laravel/vendor/laravel/framework/src/Illuminate/Http/Middleware/TrustProxies.php(58): Illuminate/Pipeline/Pipeline->Illuminate/Pipeline/{closure}()
#25 C:/Users/ufcmsila/Desktop/matches/worldcup-laravel/vendor/laravel/framework/src/Illuminate/Pipeline/Pipeline.php(209): Illuminate/Http/Middleware/TrustProxies->handle()
#26 C:/Users/ufcmsila/Desktop/matches/worldcup-laravel/vendor/laravel/framework/src/Illuminate/Foundation/Http/Middleware/InvokeDeferredCallbacks.php(22): Illuminate/Pipeline/Pipeline->Illuminate/Pipeline/{closure}()
#27 C:/Users/ufcmsila/Desktop/matches/worldcup-laravel/vendor/laravel/framework/src/Illuminate/Pipeline/Pipeline.php(209): Illuminate/Foundation/Http/Middleware/InvokeDeferredCallbacks->handle()
#28 C:/Users/ufcmsila/Desktop/matches/worldcup-laravel/vendor/laravel/framework/src/Illuminate/Pipeline/Pipeline.php(127): Illuminate/Pipeline/Pipeline->Illuminate/Pipeline/{closure}()
#29 C:/Users/ufcmsila/Desktop/matches/worldcup-laravel/vendor/laravel/framework/src/Illuminate/Foundation/Http/Kernel.php(176): Illuminate/Pipeline/Pipeline->then()
#30 C:/Users/ufcmsila/Desktop/matches/worldcup-laravel/vendor/laravel/framework/src/Illuminate/Foundation/Http/Kernel.php(145): Illuminate/Foundation/Http/Kernel->sendRequestThroughRouter()
#31 C:/Users/ufcmsila/Desktop/matches/worldcup-laravel/public/index.php(35): Illuminate/Foundation/Http/Kernel->handle()
#32 C:/Users/ufcmsila/Desktop/matches/worldcup-laravel/vendor/laravel/framework/src/Illuminate/Foundation/resources/server.php(23): require_once('...')
#33 {main}
"} 
[2026-06-01 10:56:05] local.ERROR: Class "App\Http\Controllers\Controller" not found {"exception":"[object] (Error(code: 0): Class \"App\\Http\\Controllers\\Controller\" not found at C:/Users/ufcmsila/Desktop/matches/worldcup-laravel/app/Http/Controllers/MatchController.php:8)
[stacktrace]
#0 C:/Users/ufcmsila/Desktop/matches/worldcup-laravel/vendor/composer/ClassLoader.php(576): include()
#1 C:/Users/ufcmsila/Desktop/matches/worldcup-laravel/vendor/composer/ClassLoader.php(427): Composer/Autoload/{closure}()
#2 [internal function]: Composer/Autoload/ClassLoader->loadClass()
#3 C:/Users/ufcmsila/Desktop/matches/worldcup-laravel/vendor/laravel/framework/src/Illuminate/Routing/Route.php(1117): is_a()
#4 C:/Users/ufcmsila/Desktop/matches/worldcup-laravel/vendor/laravel/framework/src/Illuminate/Routing/Route.php(1054): Illuminate/Routing/Route->controllerMiddleware()
#5 C:/Users/ufcmsila/Desktop/matches/worldcup-laravel/vendor/laravel/framework/src/Illuminate/Routing/Router.php(820): Illuminate/Routing/Route->gatherMiddleware()
#6 C:/Users/ufcmsila/Desktop/matches/worldcup-laravel/vendor/laravel/framework/src/Illuminate/Routing/Router.php(802): Illuminate/Routing/Router->gatherRouteMiddleware()
#7 C:/Users/ufcmsila/Desktop/matches/worldcup-laravel/vendor/laravel/framework/src/Illuminate/Routing/Router.php(786): Illuminate/Routing/Router->runRouteWithinStack()
#8 C:/Users/ufcmsila/Desktop/matches/worldcup-laravel/vendor/laravel/framework/src/Illuminate/Routing/Router.php(750): Illuminate/Routing/Router->runRoute()
#9 C:/Users/ufcmsila/Desktop/matches/worldcup-laravel/vendor/laravel/framework/src/Illuminate/Routing/Router.php(739): Illuminate/Routing/Router->dispatchToRoute()
#10 C:/Users/ufcmsila/Desktop/matches/worldcup-laravel/vendor/laravel/framework/src/Illuminate/Foundation/Http/Kernel.php(201): Illuminate/Routing/Router->dispatch()
#11 C:/Users/ufcmsila/Desktop/matches/worldcup-laravel/vendor/laravel/framework/src/Illuminate/Pipeline/Pipeline.php(170): Illuminate/Foundation/Http/Kernel->Illuminate/Foundation/Http/{closure}()
#12 C:/Users/ufcmsila/Desktop/matches/worldcup-laravel/vendor/laravel/framework/src/Illuminate/Foundation/Http/Middleware/TransformsRequest.php(21): Illuminate/Pipeline/Pipeline->Illuminate/Pipeline/{closure}()
#13 C:/Users/ufcmsila/Desktop/matches/worldcup-laravel/vendor/laravel/framework/src/Illuminate/Foundation/Http/Middleware/ConvertEmptyStringsToNull.php(31): Illuminate/Foundation/Http/Middleware/TransformsRequest->handle()
#14 C:/Users/ufcmsila/Desktop/matches/worldcup-laravel/vendor/laravel/framework/src/Illuminate/Pipeline/Pipeline.php(209): Illuminate/Foundation/Http/Middleware/ConvertEmptyStringsToNull->handle()
#15 C:/Users/ufcmsila/Desktop/matches/worldcup-laravel/vendor/laravel/framework/src/Illuminate/Foundation/Http/Middleware/TransformsRequest.php(21): Illuminate/Pipeline/Pipeline->Illuminate/Pipeline/{closure}()
#16 C:/Users/ufcmsila/Desktop/matches/worldcup-laravel/vendor/laravel/framework/src/Illuminate/Foundation/Http/Middleware/TrimStrings.php(51): Illuminate/Foundation/Http/Middleware/TransformsRequest->handle()
#17 C:/Users/ufcmsila/Desktop/matches/worldcup-laravel/vendor/laravel/framework/src/Illuminate/Pipeline/Pipeline.php(209): Illuminate/Foundation/Http/Middleware/TrimStrings->handle()
#18 C:/Users/ufcmsila/Desktop/matches/worldcup-laravel/vendor/laravel/framework/src/Illuminate/Http/Middleware/ValidatePostSize.php(27): Illuminate/Pipeline/Pipeline->Illuminate/Pipeline/{closure}()
#19 C:/Users/ufcmsila/Desktop/matches/worldcup-laravel/vendor/laravel/framework/src/Illuminate/Pipeline/Pipeline.php(209): Illuminate/Http/Middleware/ValidatePostSize->handle()
#20 C:/Users/ufcmsila/Desktop/matches/worldcup-laravel/vendor/laravel/framework/src/Illuminate/Foundation/Http/Middleware/PreventRequestsDuringMaintenance.php(110): Illuminate/Pipeline/Pipeline->Illuminate/Pipeline/{closure}()
#21 C:/Users/ufcmsila/Desktop/matches/worldcup-laravel/vendor/laravel/framework/src/Illuminate/Pipeline/Pipeline.php(209): Illuminate/Foundation/Http/Middleware/PreventRequestsDuringMaintenance->handle()
#22 C:/Users/ufcmsila/Desktop/matches/worldcup-laravel/vendor/laravel/framework/src/Illuminate/Http/Middleware/HandleCors.php(49): Illuminate/Pipeline/Pipeline->Illuminate/Pipeline/{closure}()
#23 C:/Users/ufcmsila/Desktop/matches/worldcup-laravel/vendor/laravel/framework/src/Illuminate/Pipeline/Pipeline.php(209): Illuminate/Http/Middleware/HandleCors->handle()
#24 C:/Users/ufcmsila/Desktop/matches/worldcup-laravel/vendor/laravel/framework/src/Illuminate/Http/Middleware/TrustProxies.php(58): Illuminate/Pipeline/Pipeline->Illuminate/Pipeline/{closure}()
#25 C:/Users/ufcmsila/Desktop/matches/worldcup-laravel/vendor/laravel/framework/src/Illuminate/Pipeline/Pipeline.php(209): Illuminate/Http/Middleware/TrustProxies->handle()
#26 C:/Users/ufcmsila/Desktop/matches/worldcup-laravel/vendor/laravel/framework/src/Illuminate/Foundation/Http/Middleware/InvokeDeferredCallbacks.php(22): Illuminate/Pipeline/Pipeline->Illuminate/Pipeline/{closure}()
#27 C:/Users/ufcmsila/Desktop/matches/worldcup-laravel/vendor/laravel/framework/src/Illuminate/Pipeline/Pipeline.php(209): Illuminate/Foundation/Http/Middleware/InvokeDeferredCallbacks->handle()
#28 C:/Users/ufcmsila/Desktop/matches/worldcup-laravel/vendor/laravel/framework/src/Illuminate/Pipeline/Pipeline.php(127): Illuminate/Pipeline/Pipeline->Illuminate/Pipeline/{closure}()
#29 C:/Users/ufcmsila/Desktop/matches/worldcup-laravel/vendor/laravel/framework/src/Illuminate/Foundation/Http/Kernel.php(176): Illuminate/Pipeline/Pipeline->then()
#30 C:/Users/ufcmsila/Desktop/matches/worldcup-laravel/vendor/laravel/framework/src/Illuminate/Foundation/Http/Kernel.php(145): Illuminate/Foundation/Http/Kernel->sendRequestThroughRouter()
#31 C:/Users/ufcmsila/Desktop/matches/worldcup-laravel/public/index.php(35): Illuminate/Foundation/Http/Kernel->handle()
#32 C:/Users/ufcmsila/Desktop/matches/worldcup-laravel/vendor/laravel/framework/src/Illuminate/Foundation/resources/server.php(23): require_once('...')
#33 {main}
"} 
[2026-06-01 10:56:10] local.ERROR: Class "App\Http\Controllers\Controller" not found {"exception":"[object] (Error(code: 0): Class \"App\\Http\\Controllers\\Controller\" not found at C:/Users/ufcmsila/Desktop/matches/worldcup-laravel/app/Http/Controllers/MatchController.php:8)
[stacktrace]
#0 C:/Users/ufcmsila/Desktop/matches/worldcup-laravel/vendor/composer/ClassLoader.php(576): include()
#1 C:/Users/ufcmsila/Desktop/matches/worldcup-laravel/vendor/composer/ClassLoader.php(427): Composer/Autoload/{closure}()
#2 [internal function]: Composer/Autoload/ClassLoader->loadClass()
#3 C:/Users/ufcmsila/Desktop/matches/worldcup-laravel/vendor/laravel/framework/src/Illuminate/Routing/Route.php(1117): is_a()
#4 C:/Users/ufcmsila/Desktop/matches/worldcup-laravel/vendor/laravel/framework/src/Illuminate/Routing/Route.php(1054): Illuminate/Routing/Route->controllerMiddleware()
#5 C:/Users/ufcmsila/Desktop/matches/worldcup-laravel/vendor/laravel/framework/src/Illuminate/Routing/Router.php(820): Illuminate/Routing/Route->gatherMiddleware()
#6 C:/Users/ufcmsila/Desktop/matches/worldcup-laravel/vendor/laravel/framework/src/Illuminate/Routing/Router.php(802): Illuminate/Routing/Router->gatherRouteMiddleware()
#7 C:/Users/ufcmsila/Desktop/matches/worldcup-laravel/vendor/laravel/framework/src/Illuminate/Routing/Router.php(786): Illuminate/Routing/Router->runRouteWithinStack()
#8 C:/Users/ufcmsila/Desktop/matches/worldcup-laravel/vendor/laravel/framework/src/Illuminate/Routing/Router.php(750): Illuminate/Routing/Router->runRoute()
#9 C:/Users/ufcmsila/Desktop/matches/worldcup-laravel/vendor/laravel/framework/src/Illuminate/Routing/Router.php(739): Illuminate/Routing/Router->dispatchToRoute()
#10 C:/Users/ufcmsila/Desktop/matches/worldcup-laravel/vendor/laravel/framework/src/Illuminate/Foundation/Http/Kernel.php(201): Illuminate/Routing/Router->dispatch()
#11 C:/Users/ufcmsila/Desktop/matches/worldcup-laravel/vendor/laravel/framework/src/Illuminate/Pipeline/Pipeline.php(170): Illuminate/Foundation/Http/Kernel->Illuminate/Foundation/Http/{closure}()
#12 C:/Users/ufcmsila/Desktop/matches/worldcup-laravel/vendor/laravel/framework/src/Illuminate/Foundation/Http/Middleware/TransformsRequest.php(21): Illuminate/Pipeline/Pipeline->Illuminate/Pipeline/{closure}()
#13 C:/Users/ufcmsila/Desktop/matches/worldcup-laravel/vendor/laravel/framework/src/Illuminate/Foundation/Http/Middleware/ConvertEmptyStringsToNull.php(31): Illuminate/Foundation/Http/Middleware/TransformsRequest->handle()
#14 C:/Users/ufcmsila/Desktop/matches/worldcup-laravel/vendor/laravel/framework/src/Illuminate/Pipeline/Pipeline.php(209): Illuminate/Foundation/Http/Middleware/ConvertEmptyStringsToNull->handle()
#15 C:/Users/ufcmsila/Desktop/matches/worldcup-laravel/vendor/laravel/framework/src/Illuminate/Foundation/Http/Middleware/TransformsRequest.php(21): Illuminate/Pipeline/Pipeline->Illuminate/Pipeline/{closure}()
#16 C:/Users/ufcmsila/Desktop/matches/worldcup-laravel/vendor/laravel/framework/src/Illuminate/Foundation/Http/Middleware/TrimStrings.php(51): Illuminate/Foundation/Http/Middleware/TransformsRequest->handle()
#17 C:/Users/ufcmsila/Desktop/matches/worldcup-laravel/vendor/laravel/framework/src/Illuminate/Pipeline/Pipeline.php(209): Illuminate/Foundation/Http/Middleware/TrimStrings->handle()
#18 C:/Users/ufcmsila/Desktop/matches/worldcup-laravel/vendor/laravel/framework/src/Illuminate/Http/Middleware/ValidatePostSize.php(27): Illuminate/Pipeline/Pipeline->Illuminate/Pipeline/{closure}()
#19 C:/Users/ufcmsila/Desktop/matches/worldcup-laravel/vendor/laravel/framework/src/Illuminate/Pipeline/Pipeline.php(209): Illuminate/Http/Middleware/ValidatePostSize->handle()
#20 C:/Users/ufcmsila/Desktop/matches/worldcup-laravel/vendor/laravel/framework/src/Illuminate/Foundation/Http/Middleware/PreventRequestsDuringMaintenance.php(110): Illuminate/Pipeline/Pipeline->Illuminate/Pipeline/{closure}()
#21 C:/Users/ufcmsila/Desktop/matches/worldcup-laravel/vendor/laravel/framework/src/Illuminate/Pipeline/Pipeline.php(209): Illuminate/Foundation/Http/Middleware/PreventRequestsDuringMaintenance->handle()
#22 C:/Users/ufcmsila/Desktop/matches/worldcup-laravel/vendor/laravel/framework/src/Illuminate/Http/Middleware/HandleCors.php(49): Illuminate/Pipeline/Pipeline->Illuminate/Pipeline/{closure}()
#23 C:/Users/ufcmsila/Desktop/matches/worldcup-laravel/vendor/laravel/framework/src/Illuminate/Pipeline/Pipeline.php(209): Illuminate/Http/Middleware/HandleCors->handle()
#24 C:/Users/ufcmsila/Desktop/matches/worldcup-laravel/vendor/laravel/framework/src/Illuminate/Http/Middleware/TrustProxies.php(58): Illuminate/Pipeline/Pipeline->Illuminate/Pipeline/{closure}()
#25 C:/Users/ufcmsila/Desktop/matches/worldcup-laravel/vendor/laravel/framework/src/Illuminate/Pipeline/Pipeline.php(209): Illuminate/Http/Middleware/TrustProxies->handle()
#26 C:/Users/ufcmsila/Desktop/matches/worldcup-laravel/vendor/laravel/framework/src/Illuminate/Foundation/Http/Middleware/InvokeDeferredCallbacks.php(22): Illuminate/Pipeline/Pipeline->Illuminate/Pipeline/{closure}()
#27 C:/Users/ufcmsila/Desktop/matches/worldcup-laravel/vendor/laravel/framework/src/Illuminate/Pipeline/Pipeline.php(209): Illuminate/Foundation/Http/Middleware/InvokeDeferredCallbacks->handle()
#28 C:/Users/ufcmsila/Desktop/matches/worldcup-laravel/vendor/laravel/framework/src/Illuminate/Pipeline/Pipeline.php(127): Illuminate/Pipeline/Pipeline->Illuminate/Pipeline/{closure}()
#29 C:/Users/ufcmsila/Desktop/matches/worldcup-laravel/vendor/laravel/framework/src/Illuminate/Foundation/Http/Kernel.php(176): Illuminate/Pipeline/Pipeline->then()
#30 C:/Users/ufcmsila/Desktop/matches/worldcup-laravel/vendor/laravel/framework/src/Illuminate/Foundation/Http/Kernel.php(145): Illuminate/Foundation/Http/Kernel->sendRequestThroughRouter()
#31 C:/Users/ufcmsila/Desktop/matches/worldcup-laravel/public/index.php(35): Illuminate/Foundation/Http/Kernel->handle()
#32 C:/Users/ufcmsila/Desktop/matches/worldcup-laravel/vendor/laravel/framework/src/Illuminate/Foundation/resources/server.php(23): require_once('...')
#33 {main}
"} 
[2026-06-01 10:56:38] local.ERROR: Class "App\Http\Controllers\Controller" not found {"exception":"[object] (Error(code: 0): Class \"App\\Http\\Controllers\\Controller\" not found at C:/Users/ufcmsila/Desktop/matches/worldcup-laravel/app/Http/Controllers/MatchController.php:8)
[stacktrace]
#0 C:/Users/ufcmsila/Desktop/matches/worldcup-laravel/vendor/composer/ClassLoader.php(576): include()
#1 C:/Users/ufcmsila/Desktop/matches/worldcup-laravel/vendor/composer/ClassLoader.php(427): Composer/Autoload/{closure}()
#2 [internal function]: Composer/Autoload/ClassLoader->loadClass()
#3 C:/Users/ufcmsila/Desktop/matches/worldcup-laravel/vendor/laravel/framework/src/Illuminate/Routing/Route.php(1117): is_a()
#4 C:/Users/ufcmsila/Desktop/matches/worldcup-laravel/vendor/laravel/framework/src/Illuminate/Routing/Route.php(1054): Illuminate/Routing/Route->controllerMiddleware()
#5 C:/Users/ufcmsila/Desktop/matches/worldcup-laravel/vendor/laravel/framework/src/Illuminate/Routing/Router.php(820): Illuminate/Routing/Route->gatherMiddleware()
#6 C:/Users/ufcmsila/Desktop/matches/worldcup-laravel/vendor/laravel/framework/src/Illuminate/Routing/Router.php(802): Illuminate/Routing/Router->gatherRouteMiddleware()
#7 C:/Users/ufcmsila/Desktop/matches/worldcup-laravel/vendor/laravel/framework/src/Illuminate/Routing/Router.php(786): Illuminate/Routing/Router->runRouteWithinStack()
#8 C:/Users/ufcmsila/Desktop/matches/worldcup-laravel/vendor/laravel/framework/src/Illuminate/Routing/Router.php(750): Illuminate/Routing/Router->runRoute()
#9 C:/Users/ufcmsila/Desktop/matches/worldcup-laravel/vendor/laravel/framework/src/Illuminate/Routing/Router.php(739): Illuminate/Routing/Router->dispatchToRoute()
#10 C:/Users/ufcmsila/Desktop/matches/worldcup-laravel/vendor/laravel/framework/src/Illuminate/Foundation/Http/Kernel.php(201): Illuminate/Routing/Router->dispatch()
#11 C:/Users/ufcmsila/Desktop/matches/worldcup-laravel/vendor/laravel/framework/src/Illuminate/Pipeline/Pipeline.php(170): Illuminate/Foundation/Http/Kernel->Illuminate/Foundation/Http/{closure}()
#12 C:/Users/ufcmsila/Desktop/matches/worldcup-laravel/vendor/laravel/framework/src/Illuminate/Foundation/Http/Middleware/TransformsRequest.php(21): Illuminate/Pipeline/Pipeline->Illuminate/Pipeline/{closure}()
#13 C:/Users/ufcmsila/Desktop/matches/worldcup-laravel/vendor/laravel/framework/src/Illuminate/Foundation/Http/Middleware/ConvertEmptyStringsToNull.php(31): Illuminate/Foundation/Http/Middleware/TransformsRequest->handle()
#14 C:/Users/ufcmsila/Desktop/matches/worldcup-laravel/vendor/laravel/framework/src/Illuminate/Pipeline/Pipeline.php(209): Illuminate/Foundation/Http/Middleware/ConvertEmptyStringsToNull->handle()
#15 C:/Users/ufcmsila/Desktop/matches/worldcup-laravel/vendor/laravel/framework/src/Illuminate/Foundation/Http/Middleware/TransformsRequest.php(21): Illuminate/Pipeline/Pipeline->Illuminate/Pipeline/{closure}()
#16 C:/Users/ufcmsila/Desktop/matches/worldcup-laravel/vendor/laravel/framework/src/Illuminate/Foundation/Http/Middleware/TrimStrings.php(51): Illuminate/Foundation/Http/Middleware/TransformsRequest->handle()
#17 C:/Users/ufcmsila/Desktop/matches/worldcup-laravel/vendor/laravel/framework/src/Illuminate/Pipeline/Pipeline.php(209): Illuminate/Foundation/Http/Middleware/TrimStrings->handle()
#18 C:/Users/ufcmsila/Desktop/matches/worldcup-laravel/vendor/laravel/framework/src/Illuminate/Http/Middleware/ValidatePostSize.php(27): Illuminate/Pipeline/Pipeline->Illuminate/Pipeline/{closure}()
#19 C:/Users/ufcmsila/Desktop/matches/worldcup-laravel/vendor/laravel/framework/src/Illuminate/Pipeline/Pipeline.php(209): Illuminate/Http/Middleware/ValidatePostSize->handle()
#20 C:/Users/ufcmsila/Desktop/matches/worldcup-laravel/vendor/laravel/framework/src/Illuminate/Foundation/Http/Middleware/PreventRequestsDuringMaintenance.php(110): Illuminate/Pipeline/Pipeline->Illuminate/Pipeline/{closure}()
#21 C:/Users/ufcmsila/Desktop/matches/worldcup-laravel/vendor/laravel/framework/src/Illuminate/Pipeline/Pipeline.php(209): Illuminate/Foundation/Http/Middleware/PreventRequestsDuringMaintenance->handle()
#22 C:/Users/ufcmsila/Desktop/matches/worldcup-laravel/vendor/laravel/framework/src/Illuminate/Http/Middleware/HandleCors.php(49): Illuminate/Pipeline/Pipeline->Illuminate/Pipeline/{closure}()
#23 C:/Users/ufcmsila/Desktop/matches/worldcup-laravel/vendor/laravel/framework/src/Illuminate/Pipeline/Pipeline.php(209): Illuminate/Http/Middleware/HandleCors->handle()
#24 C:/Users/ufcmsila/Desktop/matches/worldcup-laravel/vendor/laravel/framework/src/Illuminate/Http/Middleware/TrustProxies.php(58): Illuminate/Pipeline/Pipeline->Illuminate/Pipeline/{closure}()
#25 C:/Users/ufcmsila/Desktop/matches/worldcup-laravel/vendor/laravel/framework/src/Illuminate/Pipeline/Pipeline.php(209): Illuminate/Http/Middleware/TrustProxies->handle()
#26 C:/Users/ufcmsila/Desktop/matches/worldcup-laravel/vendor/laravel/framework/src/Illuminate/Foundation/Http/Middleware/InvokeDeferredCallbacks.php(22): Illuminate/Pipeline/Pipeline->Illuminate/Pipeline/{closure}()
#27 C:/Users/ufcmsila/Desktop/matches/worldcup-laravel/vendor/laravel/framework/src/Illuminate/Pipeline/Pipeline.php(209): Illuminate/Foundation/Http/Middleware/InvokeDeferredCallbacks->handle()
#28 C:/Users/ufcmsila/Desktop/matches/worldcup-laravel/vendor/laravel/framework/src/Illuminate/Pipeline/Pipeline.php(127): Illuminate/Pipeline/Pipeline->Illuminate/Pipeline/{closure}()
#29 C:/Users/ufcmsila/Desktop/matches/worldcup-laravel/vendor/laravel/framework/src/Illuminate/Foundation/Http/Kernel.php(176): Illuminate/Pipeline/Pipeline->then()
#30 C:/Users/ufcmsila/Desktop/matches/worldcup-laravel/vendor/laravel/framework/src/Illuminate/Foundation/Http/Kernel.php(145): Illuminate/Foundation/Http/Kernel->sendRequestThroughRouter()
#31 C:/Users/ufcmsila/Desktop/matches/worldcup-laravel/public/index.php(35): Illuminate/Foundation/Http/Kernel->handle()
#32 C:/Users/ufcmsila/Desktop/matches/worldcup-laravel/vendor/laravel/framework/src/Illuminate/Foundation/resources/server.php(23): require_once('...')
#33 {main}
"} 
[2026-06-01 10:59:50] local.ERROR: SQLSTATE[HY000]: General error: 1 no such table: cache (Connection: sqlite, SQL: delete from "cache") {"exception":"[object] (Illuminate\\Database\\QueryException(code: HY000): SQLSTATE[HY000]: General error: 1 no such table: cache (Connection: sqlite, SQL: delete from \"cache\") at C:/Users/ufcmsila/Desktop/matches/worldcup-laravel/vendor/laravel/framework/src/Illuminate/Database/Connection.php:825)
[stacktrace]
#0 C:/Users/ufcmsila/Desktop/matches/worldcup-laravel/vendor/laravel/framework/src/Illuminate/Database/Connection.php(779): Illuminate/Database/Connection->runQueryCallback()
#1 C:/Users/ufcmsila/Desktop/matches/worldcup-laravel/vendor/laravel/framework/src/Illuminate/Database/Connection.php(584): Illuminate/Database/Connection->run()
#2 C:/Users/ufcmsila/Desktop/matches/worldcup-laravel/vendor/laravel/framework/src/Illuminate/Database/Connection.php(548): Illuminate/Database/Connection->affectingStatement()
#3 C:/Users/ufcmsila/Desktop/matches/worldcup-laravel/vendor/laravel/framework/src/Illuminate/Database/Query/Builder.php(4024): Illuminate/Database/Connection->delete()
#4 C:/Users/ufcmsila/Desktop/matches/worldcup-laravel/vendor/laravel/framework/src/Illuminate/Cache/DatabaseStore.php(422): Illuminate/Database/Query/Builder->delete()
#5 C:/Users/ufcmsila/Desktop/matches/worldcup-laravel/vendor/laravel/framework/src/Illuminate/Cache/Repository.php(792): Illuminate/Cache/DatabaseStore->flush()
#6 C:/Users/ufcmsila/Desktop/matches/worldcup-laravel/vendor/laravel/framework/src/Illuminate/Cache/Console/ClearCommand.php(69): Illuminate/Cache/Repository->__call()
#7 C:/Users/ufcmsila/Desktop/matches/worldcup-laravel/vendor/laravel/framework/src/Illuminate/Container/BoundMethod.php(36): Illuminate/Cache/Console/ClearCommand->handle()
#8 C:/Users/ufcmsila/Desktop/matches/worldcup-laravel/vendor/laravel/framework/src/Illuminate/Container/Util.php(43): Illuminate/Container/BoundMethod::Illuminate/Container/{closure}()
#9 C:/Users/ufcmsila/Desktop/matches/worldcup-laravel/vendor/laravel/framework/src/Illuminate/Container/BoundMethod.php(95): Illuminate/Container/Util::unwrapIfClosure()
#10 C:/Users/ufcmsila/Desktop/matches/worldcup-laravel/vendor/laravel/framework/src/Illuminate/Container/BoundMethod.php(35): Illuminate/Container/BoundMethod::callBoundMethod()
#11 C:/Users/ufcmsila/Desktop/matches/worldcup-laravel/vendor/laravel/framework/src/Illuminate/Container/Container.php(696): Illuminate/Container/BoundMethod::call()
#12 C:/Users/ufcmsila/Desktop/matches/worldcup-laravel/vendor/laravel/framework/src/Illuminate/Console/Command.php(213): Illuminate/Container/Container->call()
#13 C:/Users/ufcmsila/Desktop/matches/worldcup-laravel/vendor/symfony/console/Command/Command.php(341): Illuminate/Console/Command->execute()
#14 C:/Users/ufcmsila/Desktop/matches/worldcup-laravel/vendor/laravel/framework/src/Illuminate/Console/Command.php(182): Symfony/Component/Console/Command/Command->run()
#15 C:/Users/ufcmsila/Desktop/matches/worldcup-laravel/vendor/symfony/console/Application.php(1117): Illuminate/Console/Command->run()
#16 C:/Users/ufcmsila/Desktop/matches/worldcup-laravel/vendor/symfony/console/Application.php(356): Symfony/Component/Console/Application->doRunCommand()
#17 C:/Users/ufcmsila/Desktop/matches/worldcup-laravel/vendor/symfony/console/Application.php(195): Symfony/Component/Console/Application->doRun()
#18 C:/Users/ufcmsila/Desktop/matches/worldcup-laravel/vendor/laravel/framework/src/Illuminate/Foundation/Console/Kernel.php(198): Symfony/Component/Console/Application->run()
#19 C:/Users/ufcmsila/Desktop/matches/worldcup-laravel/artisan(24): Illuminate/Foundation/Console/Kernel->handle()
#20 {main}

[previous exception] [object] (PDOException(code: HY000): SQLSTATE[HY000]: General error: 1 no such table: cache at C:/Users/ufcmsila/Desktop/matches/worldcup-laravel/vendor/laravel/framework/src/Illuminate/Database/Connection.php:592)
[stacktrace]
#0 C:/Users/ufcmsila/Desktop/matches/worldcup-laravel/vendor/laravel/framework/src/Illuminate/Database/Connection.php(592): PDO->prepare()
#1 C:/Users/ufcmsila/Desktop/matches/worldcup-laravel/vendor/laravel/framework/src/Illuminate/Database/Connection.php(812): Illuminate/Database/Connection->Illuminate/Database/{closure}()
#2 C:/Users/ufcmsila/Desktop/matches/worldcup-laravel/vendor/laravel/framework/src/Illuminate/Database/Connection.php(779): Illuminate/Database/Connection->runQueryCallback()
#3 C:/Users/ufcmsila/Desktop/matches/worldcup-laravel/vendor/laravel/framework/src/Illuminate/Database/Connection.php(584): Illuminate/Database/Connection->run()
#4 C:/Users/ufcmsila/Desktop/matches/worldcup-laravel/vendor/laravel/framework/src/Illuminate/Database/Connection.php(548): Illuminate/Database/Connection->affectingStatement()
#5 C:/Users/ufcmsila/Desktop/matches/worldcup-laravel/vendor/laravel/framework/src/Illuminate/Database/Query/Builder.php(4024): Illuminate/Database/Connection->delete()
#6 C:/Users/ufcmsila/Desktop/matches/worldcup-laravel/vendor/laravel/framework/src/Illuminate/Cache/DatabaseStore.php(422): Illuminate/Database/Query/Builder->delete()
#7 C:/Users/ufcmsila/Desktop/matches/worldcup-laravel/vendor/laravel/framework/src/Illuminate/Cache/Repository.php(792): Illuminate/Cache/DatabaseStore->flush()
#8 C:/Users/ufcmsila/Desktop/matches/worldcup-laravel/vendor/laravel/framework/src/Illuminate/Cache/Console/ClearCommand.php(69): Illuminate/Cache/Repository->__call()
#9 C:/Users/ufcmsila/Desktop/matches/worldcup-laravel/vendor/laravel/framework/src/Illuminate/Container/BoundMethod.php(36): Illuminate/Cache/Console/ClearCommand->handle()
#10 C:/Users/ufcmsila/Desktop/matches/worldcup-laravel/vendor/laravel/framework/src/Illuminate/Container/Util.php(43): Illuminate/Container/BoundMethod::Illuminate/Container/{closure}()
#11 C:/Users/ufcmsila/Desktop/matches/worldcup-laravel/vendor/laravel/framework/src/Illuminate/Container/BoundMethod.php(95): Illuminate/Container/Util::unwrapIfClosure()
#12 C:/Users/ufcmsila/Desktop/matches/worldcup-laravel/vendor/laravel/framework/src/Illuminate/Container/BoundMethod.php(35): Illuminate/Container/BoundMethod::callBoundMethod()
#13 C:/Users/ufcmsila/Desktop/matches/worldcup-laravel/vendor/laravel/framework/src/Illuminate/Container/Container.php(696): Illuminate/Container/BoundMethod::call()
#14 C:/Users/ufcmsila/Desktop/matches/worldcup-laravel/vendor/laravel/framework/src/Illuminate/Console/Command.php(213): Illuminate/Container/Container->call()
#15 C:/Users/ufcmsila/Desktop/matches/worldcup-laravel/vendor/symfony/console/Command/Command.php(341): Illuminate/Console/Command->execute()
#16 C:/Users/ufcmsila/Desktop/matches/worldcup-laravel/vendor/laravel/framework/src/Illuminate/Console/Command.php(182): Symfony/Component/Console/Command/Command->run()
#17 C:/Users/ufcmsila/Desktop/matches/worldcup-laravel/vendor/symfony/console/Application.php(1117): Illuminate/Console/Command->run()
#18 C:/Users/ufcmsila/Desktop/matches/worldcup-laravel/vendor/symfony/console/Application.php(356): Symfony/Component/Console/Application->doRunCommand()
#19 C:/Users/ufcmsila/Desktop/matches/worldcup-laravel/vendor/symfony/console/Application.php(195): Symfony/Component/Console/Application->doRun()
#20 C:/Users/ufcmsila/Desktop/matches/worldcup-laravel/vendor/laravel/framework/src/Illuminate/Foundation/Console/Kernel.php(198): Symfony/Component/Console/Application->run()
#21 C:/Users/ufcmsila/Desktop/matches/worldcup-laravel/artisan(24): Illuminate/Foundation/Console/Kernel->handle()
#22 {main}
"} 
[2026-06-03 07:40:25] local.ERROR: PHP Parse error: Syntax error, unexpected T_NS_SEPARATOR on line 2 {"exception":"[object] (Psy\\Exception\\ParseErrorException(code: 0): PHP Parse error: Syntax error, unexpected T_NS_SEPARATOR on line 2 at C:/Users/ufcmsila/Desktop/matches/worldcup-laravel/vendor/psy/psysh/src/Exception/ParseErrorException.php:44)
[stacktrace]
#0 C:/Users/ufcmsila/Desktop/matches/worldcup-laravel/vendor/psy/psysh/src/CodeCleaner.php(657): Psy/Exception/ParseErrorException::fromParseError()
#1 C:/Users/ufcmsila/Desktop/matches/worldcup-laravel/vendor/psy/psysh/src/CodeCleaner.php(273): Psy/CodeCleaner->parse()
#2 C:/Users/ufcmsila/Desktop/matches/worldcup-laravel/vendor/psy/psysh/src/Shell.php(1364): Psy/CodeCleaner->clean()
#3 C:/Users/ufcmsila/Desktop/matches/worldcup-laravel/vendor/psy/psysh/src/Shell.php(1471): Psy/Shell->appendCode()
#4 C:/Users/ufcmsila/Desktop/matches/worldcup-laravel/vendor/psy/psysh/src/Shell.php(2180): Psy/Shell->setCode()
#5 C:/Users/ufcmsila/Desktop/matches/worldcup-laravel/vendor/laravel/tinker/src/Console/TinkerCommand.php(77): Psy/Shell->execute()
#6 C:/Users/ufcmsila/Desktop/matches/worldcup-laravel/vendor/laravel/framework/src/Illuminate/Container/BoundMethod.php(36): Laravel/Tinker/Console/TinkerCommand->handle()
#7 C:/Users/ufcmsila/Desktop/matches/worldcup-laravel/vendor/laravel/framework/src/Illuminate/Container/Util.php(43): Illuminate/Container/BoundMethod::Illuminate/Container/{closure}()
#8 C:/Users/ufcmsila/Desktop/matches/worldcup-laravel/vendor/laravel/framework/src/Illuminate/Container/BoundMethod.php(95): Illuminate/Container/Util::unwrapIfClosure()
#9 C:/Users/ufcmsila/Desktop/matches/worldcup-laravel/vendor/laravel/framework/src/Illuminate/Container/BoundMethod.php(35): Illuminate/Container/BoundMethod::callBoundMethod()
#10 C:/Users/ufcmsila/Desktop/matches/worldcup-laravel/vendor/laravel/framework/src/Illuminate/Container/Container.php(696): Illuminate/Container/BoundMethod::call()
#11 C:/Users/ufcmsila/Desktop/matches/worldcup-laravel/vendor/laravel/framework/src/Illuminate/Console/Command.php(213): Illuminate/Container/Container->call()
#12 C:/Users/ufcmsila/Desktop/matches/worldcup-laravel/vendor/symfony/console/Command/Command.php(341): Illuminate/Console/Command->execute()
#13 C:/Users/ufcmsila/Desktop/matches/worldcup-laravel/vendor/laravel/framework/src/Illuminate/Console/Command.php(182): Symfony/Component/Console/Command/Command->run()
#14 C:/Users/ufcmsila/Desktop/matches/worldcup-laravel/vendor/symfony/console/Application.php(1117): Illuminate/Console/Command->run()
#15 C:/Users/ufcmsila/Desktop/matches/worldcup-laravel/vendor/symfony/console/Application.php(356): Symfony/Component/Console/Application->doRunCommand()
#16 C:/Users/ufcmsila/Desktop/matches/worldcup-laravel/vendor/symfony/console/Application.php(195): Symfony/Component/Console/Application->doRun()
#17 C:/Users/ufcmsila/Desktop/matches/worldcup-laravel/vendor/laravel/framework/src/Illuminate/Foundation/Console/Kernel.php(198): Symfony/Component/Console/Application->run()
#18 C:/Users/ufcmsila/Desktop/matches/worldcup-laravel/artisan(24): Illuminate/Foundation/Console/Kernel->handle()
#19 {main}
"} 
[2026-06-03 12:46:05] local.ERROR: Please provide a valid cache path. {"exception":"[object] (InvalidArgumentException(code: 0): Please provide a valid cache path. at C:/Users/ufcmsila/Desktop/matches/worldcup-scorebat/vendor/laravel/framework/src/Illuminate/View/Compilers/Compiler.php:67)
[stacktrace]
#0 C:/Users/ufcmsila/Desktop/matches/worldcup-scorebat/vendor/laravel/framework/src/Illuminate/View/ViewServiceProvider.php(97): Illuminate/View/Compilers/Compiler->__construct()
#1 C:/Users/ufcmsila/Desktop/matches/worldcup-scorebat/vendor/laravel/framework/src/Illuminate/Container/Container.php(952): Illuminate/View/ViewServiceProvider->Illuminate/View/{closure}()
#2 C:/Users/ufcmsila/Desktop/matches/worldcup-scorebat/vendor/laravel/framework/src/Illuminate/Container/Container.php(832): Illuminate/Container/Container->build()
#3 C:/Users/ufcmsila/Desktop/matches/worldcup-scorebat/vendor/laravel/framework/src/Illuminate/Foundation/Application.php(1078): Illuminate/Container/Container->resolve()
#4 C:/Users/ufcmsila/Desktop/matches/worldcup-scorebat/vendor/laravel/framework/src/Illuminate/Container/Container.php(763): Illuminate/Foundation/Application->resolve()
#5 C:/Users/ufcmsila/Desktop/matches/worldcup-scorebat/vendor/laravel/framework/src/Illuminate/Foundation/Application.php(1058): Illuminate/Container/Container->make()
#6 C:/Users/ufcmsila/Desktop/matches/worldcup-scorebat/vendor/laravel/framework/src/Illuminate/View/ViewServiceProvider.php(168): Illuminate/Foundation/Application->make()
#7 [internal function]: Illuminate/View/ViewServiceProvider->Illuminate/View/{closure}()
#8 C:/Users/ufcmsila/Desktop/matches/worldcup-scorebat/vendor/laravel/framework/src/Illuminate/View/Engines/EngineResolver.php(55): call_user_func()
#9 C:/Users/ufcmsila/Desktop/matches/worldcup-scorebat/vendor/laravel/framework/src/Illuminate/View/Factory.php(326): Illuminate/View/Engines/EngineResolver->resolve()
#10 C:/Users/ufcmsila/Desktop/matches/worldcup-scorebat/vendor/laravel/framework/src/Illuminate/View/Factory.php(288): Illuminate/View/Factory->getEngineFromPath()
#11 C:/Users/ufcmsila/Desktop/matches/worldcup-scorebat/vendor/laravel/framework/src/Illuminate/View/Factory.php(160): Illuminate/View/Factory->viewInstance()
#12 C:/Users/ufcmsila/Desktop/matches/worldcup-scorebat/vendor/laravel/framework/src/Illuminate/Foundation/helpers.php(1062): Illuminate/View/Factory->make()
#13 C:/Users/ufcmsila/Desktop/matches/worldcup-scorebat/app/Http/Controllers/MatchController.php(26): view()
#14 C:/Users/ufcmsila/Desktop/matches/worldcup-scorebat/vendor/laravel/framework/src/Illuminate/Routing/ControllerDispatcher.php(47): App/Http/Controllers/MatchController->index()
#15 C:/Users/ufcmsila/Desktop/matches/worldcup-scorebat/vendor/laravel/framework/src/Illuminate/Routing/Route.php(266): Illuminate/Routing/ControllerDispatcher->dispatch()
#16 C:/Users/ufcmsila/Desktop/matches/worldcup-scorebat/vendor/laravel/framework/src/Illuminate/Routing/Route.php(212): Illuminate/Routing/Route->runController()
#17 C:/Users/ufcmsila/Desktop/matches/worldcup-scorebat/vendor/laravel/framework/src/Illuminate/Routing/Router.php(808): Illuminate/Routing/Route->run()
#18 C:/Users/ufcmsila/Desktop/matches/worldcup-scorebat/vendor/laravel/framework/src/Illuminate/Pipeline/Pipeline.php(170): Illuminate/Routing/Router->Illuminate/Routing/{closure}()
#19 C:/Users/ufcmsila/Desktop/matches/worldcup-scorebat/vendor/laravel/framework/src/Illuminate/Routing/Middleware/SubstituteBindings.php(51): Illuminate/Pipeline/Pipeline->Illuminate/Pipeline/{closure}()
#20 C:/Users/ufcmsila/Desktop/matches/worldcup-scorebat/vendor/laravel/framework/src/Illuminate/Pipeline/Pipeline.php(209): Illuminate/Routing/Middleware/SubstituteBindings->handle()
#21 C:/Users/ufcmsila/Desktop/matches/worldcup-scorebat/vendor/laravel/framework/src/Illuminate/Foundation/Http/Middleware/VerifyCsrfToken.php(88): Illuminate/Pipeline/Pipeline->Illuminate/Pipeline/{closure}()
#22 C:/Users/ufcmsila/Desktop/matches/worldcup-scorebat/vendor/laravel/framework/src/Illuminate/Pipeline/Pipeline.php(209): Illuminate/Foundation/Http/Middleware/VerifyCsrfToken->handle()
#23 C:/Users/ufcmsila/Desktop/matches/worldcup-scorebat/vendor/laravel/framework/src/Illuminate/View/Middleware/ShareErrorsFromSession.php(49): Illuminate/Pipeline/Pipeline->Illuminate/Pipeline/{closure}()
#24 C:/Users/ufcmsila/Desktop/matches/worldcup-scorebat/vendor/laravel/framework/src/Illuminate/Pipeline/Pipeline.php(209): Illuminate/View/Middleware/ShareErrorsFromSession->handle()
#25 C:/Users/ufcmsila/Desktop/matches/worldcup-scorebat/vendor/laravel/framework/src/Illuminate/Session/Middleware/StartSession.php(121): Illuminate/Pipeline/Pipeline->Illuminate/Pipeline/{closure}()
#26 C:/Users/ufcmsila/Desktop/matches/worldcup-scorebat/vendor/laravel/framework/src/Illuminate/Session/Middleware/StartSession.php(64): Illuminate/Session/Middleware/StartSession->handleStatefulRequest()
#27 C:/Users/ufcmsila/Desktop/matches/worldcup-scorebat/vendor/laravel/framework/src/Illuminate/Pipeline/Pipeline.php(209): Illuminate/Session/Middleware/StartSession->handle()
#28 C:/Users/ufcmsila/Desktop/matches/worldcup-scorebat/vendor/laravel/framework/src/Illuminate/Cookie/Middleware/AddQueuedCookiesToResponse.php(37): Illuminate/Pipeline/Pipeline->Illuminate/Pipeline/{closure}()
#29 C:/Users/ufcmsila/Desktop/matches/worldcup-scorebat/vendor/laravel/framework/src/Illuminate/Pipeline/Pipeline.php(209): Illuminate/Cookie/Middleware/AddQueuedCookiesToResponse->handle()
#30 C:/Users/ufcmsila/Desktop/matches/worldcup-scorebat/vendor/laravel/framework/src/Illuminate/Cookie/Middleware/EncryptCookies.php(75): Illuminate/Pipeline/Pipeline->Illuminate/Pipeline/{closure}()
#31 C:/Users/ufcmsila/Desktop/matches/worldcup-scorebat/vendor/laravel/framework/src/Illuminate/Pipeline/Pipeline.php(209): Illuminate/Cookie/Middleware/EncryptCookies->handle()
#32 C:/Users/ufcmsila/Desktop/matches/worldcup-scorebat/vendor/laravel/framework/src/Illuminate/Pipeline/Pipeline.php(127): Illuminate/Pipeline/Pipeline->Illuminate/Pipeline/{closure}()
#33 C:/Users/ufcmsila/Desktop/matches/worldcup-scorebat/vendor/laravel/framework/src/Illuminate/Routing/Router.php(807): Illuminate/Pipeline/Pipeline->then()
#34 C:/Users/ufcmsila/Desktop/matches/worldcup-scorebat/vendor/laravel/framework/src/Illuminate/Routing/Router.php(786): Illuminate/Routing/Router->runRouteWithinStack()
#35 C:/Users/ufcmsila/Desktop/matches/worldcup-scorebat/vendor/laravel/framework/src/Illuminate/Routing/Router.php(750): Illuminate/Routing/Router->runRoute()
#36 C:/Users/ufcmsila/Desktop/matches/worldcup-scorebat/vendor/laravel/framework/src/Illuminate/Routing/Router.php(739): Illuminate/Routing/Router->dispatchToRoute()
#37 C:/Users/ufcmsila/Desktop/matches/worldcup-scorebat/vendor/laravel/framework/src/Illuminate/Foundation/Http/Kernel.php(201): Illuminate/Routing/Router->dispatch()
#38 C:/Users/ufcmsila/Desktop/matches/worldcup-scorebat/vendor/laravel/framework/src/Illuminate/Pipeline/Pipeline.php(170): Illuminate/Foundation/Http/Kernel->Illuminate/Foundation/Http/{closure}()
#39 C:/Users/ufcmsila/Desktop/matches/worldcup-scorebat/vendor/laravel/framework/src/Illuminate/Foundation/Http/Middleware/TransformsRequest.php(21): Illuminate/Pipeline/Pipeline->Illuminate/Pipeline/{closure}()
#40 C:/Users/ufcmsila/Desktop/matches/worldcup-scorebat/vendor/laravel/framework/src/Illuminate/Foundation/Http/Middleware/ConvertEmptyStringsToNull.php(31): Illuminate/Foundation/Http/Middleware/TransformsRequest->handle()
#41 C:/Users/ufcmsila/Desktop/matches/worldcup-scorebat/vendor/laravel/framework/src/Illuminate/Pipeline/Pipeline.php(209): Illuminate/Foundation/Http/Middleware/ConvertEmptyStringsToNull->handle()
#42 C:/Users/ufcmsila/Desktop/matches/worldcup-scorebat/vendor/laravel/framework/src/Illuminate/Foundation/Http/Middleware/TransformsRequest.php(21): Illuminate/Pipeline/Pipeline->Illuminate/Pipeline/{closure}()
#43 C:/Users/ufcmsila/Desktop/matches/worldcup-scorebat/vendor/laravel/framework/src/Illuminate/Foundation/Http/Middleware/TrimStrings.php(51): Illuminate/Foundation/Http/Middleware/TransformsRequest->handle()
#44 C:/Users/ufcmsila/Desktop/matches/worldcup-scorebat/vendor/laravel/framework/src/Illuminate/Pipeline/Pipeline.php(209): Illuminate/Foundation/Http/Middleware/TrimStrings->handle()
#45 C:/Users/ufcmsila/Desktop/matches/worldcup-scorebat/vendor/laravel/framework/src/Illuminate/Http/Middleware/ValidatePostSize.php(27): Illuminate/Pipeline/Pipeline->Illuminate/Pipeline/{closure}()
#46 C:/Users/ufcmsila/Desktop/matches/worldcup-scorebat/vendor/laravel/framework/src/Illuminate/Pipeline/Pipeline.php(209): Illuminate/Http/Middleware/ValidatePostSize->handle()
#47 C:/Users/ufcmsila/Desktop/matches/worldcup-scorebat/vendor/laravel/framework/src/Illuminate/Foundation/Http/Middleware/PreventRequestsDuringMaintenance.php(110): Illuminate/Pipeline/Pipeline->Illuminate/Pipeline/{closure}()
#48 C:/Users/ufcmsila/Desktop/matches/worldcup-scorebat/vendor/laravel/framework/src/Illuminate/Pipeline/Pipeline.php(209): Illuminate/Foundation/Http/Middleware/PreventRequestsDuringMaintenance->handle()
#49 C:/Users/ufcmsila/Desktop/matches/worldcup-scorebat/vendor/laravel/framework/src/Illuminate/Http/Middleware/HandleCors.php(49): Illuminate/Pipeline/Pipeline->Illuminate/Pipeline/{closure}()
#50 C:/Users/ufcmsila/Desktop/matches/worldcup-scorebat/vendor/laravel/framework/src/Illuminate/Pipeline/Pipeline.php(209): Illuminate/Http/Middleware/HandleCors->handle()
#51 C:/Users/ufcmsila/Desktop/matches/worldcup-scorebat/vendor/laravel/framework/src/Illuminate/Http/Middleware/TrustProxies.php(58): Illuminate/Pipeline/Pipeline->Illuminate/Pipeline/{closure}()
#52 C:/Users/ufcmsila/Desktop/matches/worldcup-scorebat/vendor/laravel/framework/src/Illuminate/Pipeline/Pipeline.php(209): Illuminate/Http/Middleware/TrustProxies->handle()
#53 C:/Users/ufcmsila/Desktop/matches/worldcup-scorebat/vendor/laravel/framework/src/Illuminate/Foundation/Http/Middleware/InvokeDeferredCallbacks.php(22): Illuminate/Pipeline/Pipeline->Illuminate/Pipeline/{closure}()
#54 C:/Users/ufcmsila/Desktop/matches/worldcup-scorebat/vendor/laravel/framework/src/Illuminate/Pipeline/Pipeline.php(209): Illuminate/Foundation/Http/Middleware/InvokeDeferredCallbacks->handle()
#55 C:/Users/ufcmsila/Desktop/matches/worldcup-scorebat/vendor/laravel/framework/src/Illuminate/Pipeline/Pipeline.php(127): Illuminate/Pipeline/Pipeline->Illuminate/Pipeline/{closure}()
#56 C:/Users/ufcmsila/Desktop/matches/worldcup-scorebat/vendor/laravel/framework/src/Illuminate/Foundation/Http/Kernel.php(176): Illuminate/Pipeline/Pipeline->then()
#57 C:/Users/ufcmsila/Desktop/matches/worldcup-scorebat/vendor/laravel/framework/src/Illuminate/Foundation/Http/Kernel.php(145): Illuminate/Foundation/Http/Kernel->sendRequestThroughRouter()
#58 C:/Users/ufcmsila/Desktop/matches/worldcup-scorebat/public/index.php(35): Illuminate/Foundation/Http/Kernel->handle()
#59 C:/Users/ufcmsila/Desktop/matches/worldcup-scorebat/vendor/laravel/framework/src/Illuminate/Foundation/resources/server.php(23): require_once('...')
#60 {main}
"} 
[2026-06-03 12:46:07] local.ERROR: Please provide a valid cache path. {"exception":"[object] (InvalidArgumentException(code: 0): Please provide a valid cache path. at C:/Users/ufcmsila/Desktop/matches/worldcup-scorebat/vendor/laravel/framework/src/Illuminate/View/Compilers/Compiler.php:67)
[stacktrace]
#0 C:/Users/ufcmsila/Desktop/matches/worldcup-scorebat/vendor/laravel/framework/src/Illuminate/View/ViewServiceProvider.php(97): Illuminate/View/Compilers/Compiler->__construct()
#1 C:/Users/ufcmsila/Desktop/matches/worldcup-scorebat/vendor/laravel/framework/src/Illuminate/Container/Container.php(952): Illuminate/View/ViewServiceProvider->Illuminate/View/{closure}()
#2 C:/Users/ufcmsila/Desktop/matches/worldcup-scorebat/vendor/laravel/framework/src/Illuminate/Container/Container.php(832): Illuminate/Container/Container->build()
#3 C:/Users/ufcmsila/Desktop/matches/worldcup-scorebat/vendor/laravel/framework/src/Illuminate/Foundation/Application.php(1078): Illuminate/Container/Container->resolve()
#4 C:/Users/ufcmsila/Desktop/matches/worldcup-scorebat/vendor/laravel/framework/src/Illuminate/Container/Container.php(763): Illuminate/Foundation/Application->resolve()
#5 C:/Users/ufcmsila/Desktop/matches/worldcup-scorebat/vendor/laravel/framework/src/Illuminate/Foundation/Application.php(1058): Illuminate/Container/Container->make()
#6 C:/Users/ufcmsila/Desktop/matches/worldcup-scorebat/vendor/laravel/framework/src/Illuminate/View/ViewServiceProvider.php(168): Illuminate/Foundation/Application->make()
#7 [internal function]: Illuminate/View/ViewServiceProvider->Illuminate/View/{closure}()
#8 C:/Users/ufcmsila/Desktop/matches/worldcup-scorebat/vendor/laravel/framework/src/Illuminate/View/Engines/EngineResolver.php(55): call_user_func()
#9 C:/Users/ufcmsila/Desktop/matches/worldcup-scorebat/vendor/laravel/framework/src/Illuminate/View/Factory.php(326): Illuminate/View/Engines/EngineResolver->resolve()
#10 C:/Users/ufcmsila/Desktop/matches/worldcup-scorebat/vendor/laravel/framework/src/Illuminate/View/Factory.php(288): Illuminate/View/Factory->getEngineFromPath()
#11 C:/Users/ufcmsila/Desktop/matches/worldcup-scorebat/vendor/laravel/framework/src/Illuminate/View/Factory.php(160): Illuminate/View/Factory->viewInstance()
#12 C:/Users/ufcmsila/Desktop/matches/worldcup-scorebat/vendor/laravel/framework/src/Illuminate/Foundation/helpers.php(1062): Illuminate/View/Factory->make()
#13 C:/Users/ufcmsila/Desktop/matches/worldcup-scorebat/app/Http/Controllers/MatchController.php(26): view()
#14 C:/Users/ufcmsila/Desktop/matches/worldcup-scorebat/vendor/laravel/framework/src/Illuminate/Routing/ControllerDispatcher.php(47): App/Http/Controllers/MatchController->index()
#15 C:/Users/ufcmsila/Desktop/matches/worldcup-scorebat/vendor/laravel/framework/src/Illuminate/Routing/Route.php(266): Illuminate/Routing/ControllerDispatcher->dispatch()
#16 C:/Users/ufcmsila/Desktop/matches/worldcup-scorebat/vendor/laravel/framework/src/Illuminate/Routing/Route.php(212): Illuminate/Routing/Route->runController()
#17 C:/Users/ufcmsila/Desktop/matches/worldcup-scorebat/vendor/laravel/framework/src/Illuminate/Routing/Router.php(808): Illuminate/Routing/Route->run()
#18 C:/Users/ufcmsila/Desktop/matches/worldcup-scorebat/vendor/laravel/framework/src/Illuminate/Pipeline/Pipeline.php(170): Illuminate/Routing/Router->Illuminate/Routing/{closure}()
#19 C:/Users/ufcmsila/Desktop/matches/worldcup-scorebat/vendor/laravel/framework/src/Illuminate/Routing/Middleware/SubstituteBindings.php(51): Illuminate/Pipeline/Pipeline->Illuminate/Pipeline/{closure}()
#20 C:/Users/ufcmsila/Desktop/matches/worldcup-scorebat/vendor/laravel/framework/src/Illuminate/Pipeline/Pipeline.php(209): Illuminate/Routing/Middleware/SubstituteBindings->handle()
#21 C:/Users/ufcmsila/Desktop/matches/worldcup-scorebat/vendor/laravel/framework/src/Illuminate/Foundation/Http/Middleware/VerifyCsrfToken.php(88): Illuminate/Pipeline/Pipeline->Illuminate/Pipeline/{closure}()
#22 C:/Users/ufcmsila/Desktop/matches/worldcup-scorebat/vendor/laravel/framework/src/Illuminate/Pipeline/Pipeline.php(209): Illuminate/Foundation/Http/Middleware/VerifyCsrfToken->handle()
#23 C:/Users/ufcmsila/Desktop/matches/worldcup-scorebat/vendor/laravel/framework/src/Illuminate/View/Middleware/ShareErrorsFromSession.php(49): Illuminate/Pipeline/Pipeline->Illuminate/Pipeline/{closure}()
#24 C:/Users/ufcmsila/Desktop/matches/worldcup-scorebat/vendor/laravel/framework/src/Illuminate/Pipeline/Pipeline.php(209): Illuminate/View/Middleware/ShareErrorsFromSession->handle()
#25 C:/Users/ufcmsila/Desktop/matches/worldcup-scorebat/vendor/laravel/framework/src/Illuminate/Session/Middleware/StartSession.php(121): Illuminate/Pipeline/Pipeline->Illuminate/Pipeline/{closure}()
#26 C:/Users/ufcmsila/Desktop/matches/worldcup-scorebat/vendor/laravel/framework/src/Illuminate/Session/Middleware/StartSession.php(64): Illuminate/Session/Middleware/StartSession->handleStatefulRequest()
#27 C:/Users/ufcmsila/Desktop/matches/worldcup-scorebat/vendor/laravel/framework/src/Illuminate/Pipeline/Pipeline.php(209): Illuminate/Session/Middleware/StartSession->handle()
#28 C:/Users/ufcmsila/Desktop/matches/worldcup-scorebat/vendor/laravel/framework/src/Illuminate/Cookie/Middleware/AddQueuedCookiesToResponse.php(37): Illuminate/Pipeline/Pipeline->Illuminate/Pipeline/{closure}()
#29 C:/Users/ufcmsila/Desktop/matches/worldcup-scorebat/vendor/laravel/framework/src/Illuminate/Pipeline/Pipeline.php(209): Illuminate/Cookie/Middleware/AddQueuedCookiesToResponse->handle()
#30 C:/Users/ufcmsila/Desktop/matches/worldcup-scorebat/vendor/laravel/framework/src/Illuminate/Cookie/Middleware/EncryptCookies.php(75): Illuminate/Pipeline/Pipeline->Illuminate/Pipeline/{closure}()
#31 C:/Users/ufcmsila/Desktop/matches/worldcup-scorebat/vendor/laravel/framework/src/Illuminate/Pipeline/Pipeline.php(209): Illuminate/Cookie/Middleware/EncryptCookies->handle()
#32 C:/Users/ufcmsila/Desktop/matches/worldcup-scorebat/vendor/laravel/framework/src/Illuminate/Pipeline/Pipeline.php(127): Illuminate/Pipeline/Pipeline->Illuminate/Pipeline/{closure}()
#33 C:/Users/ufcmsila/Desktop/matches/worldcup-scorebat/vendor/laravel/framework/src/Illuminate/Routing/Router.php(807): Illuminate/Pipeline/Pipeline->then()
#34 C:/Users/ufcmsila/Desktop/matches/worldcup-scorebat/vendor/laravel/framework/src/Illuminate/Routing/Router.php(786): Illuminate/Routing/Router->runRouteWithinStack()
#35 C:/Users/ufcmsila/Desktop/matches/worldcup-scorebat/vendor/laravel/framework/src/Illuminate/Routing/Router.php(750): Illuminate/Routing/Router->runRoute()
#36 C:/Users/ufcmsila/Desktop/matches/worldcup-scorebat/vendor/laravel/framework/src/Illuminate/Routing/Router.php(739): Illuminate/Routing/Router->dispatchToRoute()
#37 C:/Users/ufcmsila/Desktop/matches/worldcup-scorebat/vendor/laravel/framework/src/Illuminate/Foundation/Http/Kernel.php(201): Illuminate/Routing/Router->dispatch()
#38 C:/Users/ufcmsila/Desktop/matches/worldcup-scorebat/vendor/laravel/framework/src/Illuminate/Pipeline/Pipeline.php(170): Illuminate/Foundation/Http/Kernel->Illuminate/Foundation/Http/{closure}()
#39 C:/Users/ufcmsila/Desktop/matches/worldcup-scorebat/vendor/laravel/framework/src/Illuminate/Foundation/Http/Middleware/TransformsRequest.php(21): Illuminate/Pipeline/Pipeline->Illuminate/Pipeline/{closure}()
#40 C:/Users/ufcmsila/Desktop/matches/worldcup-scorebat/vendor/laravel/framework/src/Illuminate/Foundation/Http/Middleware/ConvertEmptyStringsToNull.php(31): Illuminate/Foundation/Http/Middleware/TransformsRequest->handle()
#41 C:/Users/ufcmsila/Desktop/matches/worldcup-scorebat/vendor/laravel/framework/src/Illuminate/Pipeline/Pipeline.php(209): Illuminate/Foundation/Http/Middleware/ConvertEmptyStringsToNull->handle()
#42 C:/Users/ufcmsila/Desktop/matches/worldcup-scorebat/vendor/laravel/framework/src/Illuminate/Foundation/Http/Middleware/TransformsRequest.php(21): Illuminate/Pipeline/Pipeline->Illuminate/Pipeline/{closure}()
#43 C:/Users/ufcmsila/Desktop/matches/worldcup-scorebat/vendor/laravel/framework/src/Illuminate/Foundation/Http/Middleware/TrimStrings.php(51): Illuminate/Foundation/Http/Middleware/TransformsRequest->handle()
#44 C:/Users/ufcmsila/Desktop/matches/worldcup-scorebat/vendor/laravel/framework/src/Illuminate/Pipeline/Pipeline.php(209): Illuminate/Foundation/Http/Middleware/TrimStrings->handle()
#45 C:/Users/ufcmsila/Desktop/matches/worldcup-scorebat/vendor/laravel/framework/src/Illuminate/Http/Middleware/ValidatePostSize.php(27): Illuminate/Pipeline/Pipeline->Illuminate/Pipeline/{closure}()
#46 C:/Users/ufcmsila/Desktop/matches/worldcup-scorebat/vendor/laravel/framework/src/Illuminate/Pipeline/Pipeline.php(209): Illuminate/Http/Middleware/ValidatePostSize->handle()
#47 C:/Users/ufcmsila/Desktop/matches/worldcup-scorebat/vendor/laravel/framework/src/Illuminate/Foundation/Http/Middleware/PreventRequestsDuringMaintenance.php(110): Illuminate/Pipeline/Pipeline->Illuminate/Pipeline/{closure}()
#48 C:/Users/ufcmsila/Desktop/matches/worldcup-scorebat/vendor/laravel/framework/src/Illuminate/Pipeline/Pipeline.php(209): Illuminate/Foundation/Http/Middleware/PreventRequestsDuringMaintenance->handle()
#49 C:/Users/ufcmsila/Desktop/matches/worldcup-scorebat/vendor/laravel/framework/src/Illuminate/Http/Middleware/HandleCors.php(49): Illuminate/Pipeline/Pipeline->Illuminate/Pipeline/{closure}()
#50 C:/Users/ufcmsila/Desktop/matches/worldcup-scorebat/vendor/laravel/framework/src/Illuminate/Pipeline/Pipeline.php(209): Illuminate/Http/Middleware/HandleCors->handle()
#51 C:/Users/ufcmsila/Desktop/matches/worldcup-scorebat/vendor/laravel/framework/src/Illuminate/Http/Middleware/TrustProxies.php(58): Illuminate/Pipeline/Pipeline->Illuminate/Pipeline/{closure}()
#52 C:/Users/ufcmsila/Desktop/matches/worldcup-scorebat/vendor/laravel/framework/src/Illuminate/Pipeline/Pipeline.php(209): Illuminate/Http/Middleware/TrustProxies->handle()
#53 C:/Users/ufcmsila/Desktop/matches/worldcup-scorebat/vendor/laravel/framework/src/Illuminate/Foundation/Http/Middleware/InvokeDeferredCallbacks.php(22): Illuminate/Pipeline/Pipeline->Illuminate/Pipeline/{closure}()
#54 C:/Users/ufcmsila/Desktop/matches/worldcup-scorebat/vendor/laravel/framework/src/Illuminate/Pipeline/Pipeline.php(209): Illuminate/Foundation/Http/Middleware/InvokeDeferredCallbacks->handle()
#55 C:/Users/ufcmsila/Desktop/matches/worldcup-scorebat/vendor/laravel/framework/src/Illuminate/Pipeline/Pipeline.php(127): Illuminate/Pipeline/Pipeline->Illuminate/Pipeline/{closure}()
#56 C:/Users/ufcmsila/Desktop/matches/worldcup-scorebat/vendor/laravel/framework/src/Illuminate/Foundation/Http/Kernel.php(176): Illuminate/Pipeline/Pipeline->then()
#57 C:/Users/ufcmsila/Desktop/matches/worldcup-scorebat/vendor/laravel/framework/src/Illuminate/Foundation/Http/Kernel.php(145): Illuminate/Foundation/Http/Kernel->sendRequestThroughRouter()
#58 C:/Users/ufcmsila/Desktop/matches/worldcup-scorebat/public/index.php(35): Illuminate/Foundation/Http/Kernel->handle()
#59 C:/Users/ufcmsila/Desktop/matches/worldcup-scorebat/vendor/laravel/framework/src/Illuminate/Foundation/resources/server.php(23): require_once('...')
#60 {main}
"} 
[2026-06-03 12:56:15] local.ERROR: Scorebat search failed: Scorebat API returned HTTP 403. Make sure SCOREBAT_TOKEN is set in your .env file.  
[2026-06-03 12:57:06] local.ERROR: Scorebat search failed: Scorebat API returned HTTP 403. Make sure SCOREBAT_TOKEN is set in your .env file.  
[2026-06-07 07:37:16] local.ERROR: syntax error, unexpected identifier "User", expecting "]" {"exception":"[object] (ParseError(code: 0): syntax error, unexpected identifier \"User\", expecting \"]\" at C:/Users/ufcmsila/Desktop/matches/worldcup-scorebat/app/Http/Controllers/ScorebatController.php:179)
[stacktrace]
#0 C:/Users/ufcmsila/Desktop/matches/worldcup-scorebat/vendor/composer/ClassLoader.php(427): Composer/Autoload/{closure}()
#1 [internal function]: Composer/Autoload/ClassLoader->loadClass()
#2 C:/Users/ufcmsila/Desktop/matches/worldcup-scorebat/vendor/laravel/framework/src/Illuminate/Routing/Route.php(1117): is_a()
#3 C:/Users/ufcmsila/Desktop/matches/worldcup-scorebat/vendor/laravel/framework/src/Illuminate/Routing/Route.php(1054): Illuminate/Routing/Route->controllerMiddleware()
#4 C:/Users/ufcmsila/Desktop/matches/worldcup-scorebat/vendor/laravel/framework/src/Illuminate/Routing/Router.php(820): Illuminate/Routing/Route->gatherMiddleware()
#5 C:/Users/ufcmsila/Desktop/matches/worldcup-scorebat/vendor/laravel/framework/src/Illuminate/Routing/Router.php(802): Illuminate/Routing/Router->gatherRouteMiddleware()
#6 C:/Users/ufcmsila/Desktop/matches/worldcup-scorebat/vendor/laravel/framework/src/Illuminate/Routing/Router.php(786): Illuminate/Routing/Router->runRouteWithinStack()
#7 C:/Users/ufcmsila/Desktop/matches/worldcup-scorebat/vendor/laravel/framework/src/Illuminate/Routing/Router.php(750): Illuminate/Routing/Router->runRoute()
#8 C:/Users/ufcmsila/Desktop/matches/worldcup-scorebat/vendor/laravel/framework/src/Illuminate/Routing/Router.php(739): Illuminate/Routing/Router->dispatchToRoute()
#9 C:/Users/ufcmsila/Desktop/matches/worldcup-scorebat/vendor/laravel/framework/src/Illuminate/Foundation/Http/Kernel.php(201): Illuminate/Routing/Router->dispatch()
#10 C:/Users/ufcmsila/Desktop/matches/worldcup-scorebat/vendor/laravel/framework/src/Illuminate/Pipeline/Pipeline.php(170): Illuminate/Foundation/Http/Kernel->Illuminate/Foundation/Http/{closure}()
#11 C:/Users/ufcmsila/Desktop/matches/worldcup-scorebat/vendor/laravel/framework/src/Illuminate/Foundation/Http/Middleware/TransformsRequest.php(21): Illuminate/Pipeline/Pipeline->Illuminate/Pipeline/{closure}()
#12 C:/Users/ufcmsila/Desktop/matches/worldcup-scorebat/vendor/laravel/framework/src/Illuminate/Foundation/Http/Middleware/ConvertEmptyStringsToNull.php(31): Illuminate/Foundation/Http/Middleware/TransformsRequest->handle()
#13 C:/Users/ufcmsila/Desktop/matches/worldcup-scorebat/vendor/laravel/framework/src/Illuminate/Pipeline/Pipeline.php(209): Illuminate/Foundation/Http/Middleware/ConvertEmptyStringsToNull->handle()
#14 C:/Users/ufcmsila/Desktop/matches/worldcup-scorebat/vendor/laravel/framework/src/Illuminate/Foundation/Http/Middleware/TransformsRequest.php(21): Illuminate/Pipeline/Pipeline->Illuminate/Pipeline/{closure}()
#15 C:/Users/ufcmsila/Desktop/matches/worldcup-scorebat/vendor/laravel/framework/src/Illuminate/Foundation/Http/Middleware/TrimStrings.php(51): Illuminate/Foundation/Http/Middleware/TransformsRequest->handle()
#16 C:/Users/ufcmsila/Desktop/matches/worldcup-scorebat/vendor/laravel/framework/src/Illuminate/Pipeline/Pipeline.php(209): Illuminate/Foundation/Http/Middleware/TrimStrings->handle()
#17 C:/Users/ufcmsila/Desktop/matches/worldcup-scorebat/vendor/laravel/framework/src/Illuminate/Http/Middleware/ValidatePostSize.php(27): Illuminate/Pipeline/Pipeline->Illuminate/Pipeline/{closure}()
#18 C:/Users/ufcmsila/Desktop/matches/worldcup-scorebat/vendor/laravel/framework/src/Illuminate/Pipeline/Pipeline.php(209): Illuminate/Http/Middleware/ValidatePostSize->handle()
#19 C:/Users/ufcmsila/Desktop/matches/worldcup-scorebat/vendor/laravel/framework/src/Illuminate/Foundation/Http/Middleware/PreventRequestsDuringMaintenance.php(110): Illuminate/Pipeline/Pipeline->Illuminate/Pipeline/{closure}()
#20 C:/Users/ufcmsila/Desktop/matches/worldcup-scorebat/vendor/laravel/framework/src/Illuminate/Pipeline/Pipeline.php(209): Illuminate/Foundation/Http/Middleware/PreventRequestsDuringMaintenance->handle()
#21 C:/Users/ufcmsila/Desktop/matches/worldcup-scorebat/vendor/laravel/framework/src/Illuminate/Http/Middleware/HandleCors.php(49): Illuminate/Pipeline/Pipeline->Illuminate/Pipeline/{closure}()
#22 C:/Users/ufcmsila/Desktop/matches/worldcup-scorebat/vendor/laravel/framework/src/Illuminate/Pipeline/Pipeline.php(209): Illuminate/Http/Middleware/HandleCors->handle()
#23 C:/Users/ufcmsila/Desktop/matches/worldcup-scorebat/vendor/laravel/framework/src/Illuminate/Http/Middleware/TrustProxies.php(58): Illuminate/Pipeline/Pipeline->Illuminate/Pipeline/{closure}()
#24 C:/Users/ufcmsila/Desktop/matches/worldcup-scorebat/vendor/laravel/framework/src/Illuminate/Pipeline/Pipeline.php(209): Illuminate/Http/Middleware/TrustProxies->handle()
#25 C:/Users/ufcmsila/Desktop/matches/worldcup-scorebat/vendor/laravel/framework/src/Illuminate/Foundation/Http/Middleware/InvokeDeferredCallbacks.php(22): Illuminate/Pipeline/Pipeline->Illuminate/Pipeline/{closure}()
#26 C:/Users/ufcmsila/Desktop/matches/worldcup-scorebat/vendor/laravel/framework/src/Illuminate/Pipeline/Pipeline.php(209): Illuminate/Foundation/Http/Middleware/InvokeDeferredCallbacks->handle()
#27 C:/Users/ufcmsila/Desktop/matches/worldcup-scorebat/vendor/laravel/framework/src/Illuminate/Pipeline/Pipeline.php(127): Illuminate/Pipeline/Pipeline->Illuminate/Pipeline/{closure}()
#28 C:/Users/ufcmsila/Desktop/matches/worldcup-scorebat/vendor/laravel/framework/src/Illuminate/Foundation/Http/Kernel.php(176): Illuminate/Pipeline/Pipeline->then()
#29 C:/Users/ufcmsila/Desktop/matches/worldcup-scorebat/vendor/laravel/framework/src/Illuminate/Foundation/Http/Kernel.php(145): Illuminate/Foundation/Http/Kernel->sendRequestThroughRouter()
#30 C:/Users/ufcmsila/Desktop/matches/worldcup-scorebat/public/index.php(35): Illuminate/Foundation/Http/Kernel->handle()
#31 C:/Users/ufcmsila/Desktop/matches/worldcup-scorebat/vendor/laravel/framework/src/Illuminate/Foundation/resources/server.php(23): require_once('...')
#32 {main}
"} 
